track_id	dataset	gt_bpm	det_bpm	label	n_beats	bpm_librosa	best_shift	best_score	prominence	is_ternary_top	is_edm_phrase_top	sim_1	sim_2	sim_3	sim_4	sim_6	sim_8	sim_12	sim_16	sim_32
1030011.LOFI	GS	126.0	126.04	0	78	83.35	16	0.990206	0.000704	0	1	0.989408	0.989487	0.989515	0.989743	0.989280	0.989778	0.989648	0.990206	0.989441
1068430.LOFI	GS	170.0	175.07	0	231	117.45	1	0.955456	0.077138	0	1	0.955456	0.908722	0.878107	0.842258	0.824713	0.878529	0.913118	0.817762	0.932275
1084996.LOFI	GS	140.0	140.1	0	274	143.55	1	0.958699	0.049456	0	1	0.958699	0.928307	0.900364	0.896166	0.899600	0.918122	0.899450	0.936089	0.933422
1092771.LOFI	GS	136.0	108.73	-1	209	107.67	6	0.972817	0.014548	1	0	0.967698	0.959780	0.963331	0.954742	0.972817	0.956311	0.972089	0.956758	0.955973
1114156.LOFI	GS	86.0	173.01	1	172	86.13	1	0.962046	0.011292	0	1	0.962046	0.950499	0.941527	0.951768	0.947442	0.960668	0.943750	0.956401	0.951009
1118326.LOFI	GS	171.419	171.43	0	347	172.27	1	0.988854	0.005993	0	0	0.988854	0.983856	0.982783	0.984355	0.980635	0.985190	0.980933	0.981853	0.982939
1120171.LOFI	GS	174.0	174.49	0	235	117.45	1	0.961024	0.031804	1	0	0.961024	0.941576	0.938135	0.935093	0.929394	0.927920	0.929046	0.911086	0.902564
1171800.LOFI	GS	140.0	140.09	0	280	143.55	16	0.987752	0.017211	0	1	0.978349	0.969183	0.969978	0.971106	0.965940	0.985559	0.968950	0.987752	0.983856
1174239.LOFI	GS	172.0	173.65	0	346	172.27	1	0.985607	0.010616	0	1	0.985607	0.975306	0.972416	0.972530	0.974675	0.984477	0.971578	0.981241	0.977091
1177875.LOFI	GS	148.0	147.63	0	186	99.38	1	0.975262	0.068450	1	0	0.975262	0.950750	0.934331	0.920884	0.905144	0.899938	0.899064	0.908481	0.902913
1183908.LOFI	GS	140.0	140.19	0	227	112.35	1	0.974163	0.098496	0	0	0.974163	0.937336	0.908193	0.885139	0.855078	0.859259	0.917131	0.866194	0.818423
1198571.LOFI	GS	120.0	119.85	0	256	161.50	1	0.994192	0.002644	1	0	0.994192	0.991526	0.993400	0.994050	0.991222	0.992692	0.991571	0.991298	0.991361
122772.LOFI	GS	140.0	140.2	0	226	112.35	1	0.968800	0.092797	1	0	0.968800	0.938434	0.914918	0.896269	0.871934	0.869284	0.880071	0.843406	0.802218
1234668.LOFI	GS	175.0	175.03	0	350	172.27	1	0.981050	0.013766	0	1	0.981050	0.978804	0.966545	0.969521	0.964755	0.962875	0.960595	0.968022	0.972316
1234669.LOFI	GS	175.0	175.62	0	236	117.45	1	0.958234	0.082914	0	0	0.958234	0.915684	0.888923	0.873589	0.863846	0.877051	0.894234	0.858537	0.867121
1234745.LOFI	GS	140.0	139.67	0	226	143.55	1	0.986966	0.043835	1	0	0.986966	0.973741	0.962920	0.952679	0.943929	0.939473	0.936084	0.942333	0.922228
1234750.LOFI	GS	140.0	139.46	0	184	92.29	1	0.968635	0.204984	1	0	0.968635	0.922240	0.874327	0.828027	0.767476	0.748926	0.746117	0.759825	0.737424
1240669.LOFI	GS	171.0	170.43	0	343	172.27	1	0.980810	0.015440	0	0	0.980810	0.971627	0.964647	0.966687	0.966093	0.970438	0.956946	0.961544	0.958768
1240672.LOFI	GS	174.0	174.54	0	236	117.45	1	0.947478	0.122086	1	0	0.947478	0.908560	0.879270	0.857883	0.833372	0.796592	0.765412	0.817411	0.740900
1317507.LOFI	GS	174.0	174.37	0	172	86.13	16	0.952183	0.011255	0	1	0.949861	0.942319	0.929295	0.949198	0.937576	0.948975	0.939535	0.952183	0.927149
1327052.LOFI	GS	175.0	141.47	-1	167	152.00	1	0.961107	0.025874	1	0	0.961107	0.950551	0.940943	0.935226	0.930286	0.929625	0.935240	0.937383	0.930209
1329955.LOFI	GS	126.0	174.21	-1	165	83.35	1	0.876960	0.313200	0	1	0.876960	0.689916	0.555043	0.512421	0.516558	0.572477	0.782644	0.539164	0.822316
1380256.LOFI	GS	126.0	104.73	-1	162	83.35	3	0.982712	0.010164	1	0	0.980459	0.981651	0.982712	0.973163	0.972897	0.972201	0.966579	0.965350	0.952971
1418652.LOFI	GS	140.0	186.5	-1	210	103.36	1	0.914151	0.148891	0	0	0.914151	0.814291	0.769523	0.760998	0.804201	0.755254	0.846302	0.731639	0.735963
1424458.LOFI	GS	126.0	167.96	-1	334	172.27	1	0.981890	0.013003	1	0	0.981890	0.970686	0.970692	0.968749	0.961705	0.965690	0.970107	0.969024	0.968190
1461087.LOFI	GS	175.0	178.85	0	181	89.10	16	0.929428	0.074328	0	1	0.921083	0.864591	0.833194	0.831862	0.845609	0.866727	0.828609	0.929428	0.898645
1469706.LOFI	GS	130.0	129.95	0	130	64.60	4	0.986621	0.021424	0	0	0.966416	0.963978	0.962600	0.986621	0.955467	0.975960	0.970664	0.969537	0.952849
1479462.LOFI	GS	90.0	193.96	-1	373	198.77	1	0.971402	0.042301	0	0	0.971402	0.942937	0.934269	0.934895	0.925704	0.932497	0.915223	0.920602	0.904034
1514866.LOFI	GS	140.0	140.15	0	280	143.55	1	0.943065	0.049199	0	1	0.943065	0.904333	0.867714	0.863926	0.883399	0.942452	0.849180	0.919868	0.921315
1548088.LOFI	GS	137.0	136.99	0	275	136.00	4	0.993531	0.016913	0	0	0.977948	0.969765	0.975289	0.993531	0.967500	0.990818	0.987143	0.984355	0.973309
1556416.LOFI	GS	140.0	140.01	0	187	92.29	32	0.953992	0.043233	0	1	0.951799	0.915278	0.903268	0.907760	0.910442	0.903665	0.929499	0.911076	0.953992
1560139.LOFI	GS	140.0	140.07	0	141	69.84	1	0.982347	0.054177	0	1	0.982347	0.962245	0.945890	0.933161	0.919680	0.914350	0.918205	0.923179	0.959241
1560729.LOFI	GS	123.0	123.0	0	246	123.05	8	0.978489	0.114361	0	1	0.930954	0.866008	0.843304	0.842371	0.862249	0.978489	0.841033	0.977792	0.976468
1562235.LOFI	GS	124.0	122.99	0	281	161.50	1	0.990596	0.012541	1	0	0.990596	0.982872	0.979247	0.978799	0.978522	0.977588	0.977169	0.971623	0.967667
1569136.LOFI	GS	170.5	169.1	0	228	112.35	1	0.971862	0.067294	0	0	0.971862	0.935677	0.907519	0.892318	0.885388	0.903627	0.923863	0.872156	0.905508
1623443.LOFI	GS	140.0	140.15	0	212	112.35	6	0.958576	0.064677	1	0	0.919916	0.893442	0.933089	0.894356	0.958576	0.885166	0.947585	0.885169	0.887508
1626348.LOFI	GS	140.0	139.99	0	281	143.55	1	0.985340	0.033935	1	0	0.985340	0.976250	0.968711	0.961064	0.943997	0.930671	0.925689	0.923180	0.958813
1676961.LOFI	GS	170.0	169.1	0	224	112.35	1	0.969280	0.041188	1	0	0.969280	0.951003	0.943057	0.935183	0.930925	0.925260	0.922888	0.922877	0.900534
1698047.LOFI	GS	174.0	174.52	0	233	117.45	1	0.971561	0.040905	1	0	0.971561	0.955198	0.949290	0.943666	0.940288	0.921023	0.903054	0.903214	0.891275
172384.LOFI	GS	84.0	167.99	1	164	83.35	4	0.990835	0.004397	0	1	0.977059	0.986597	0.976418	0.990835	0.984093	0.989861	0.988240	0.990473	0.986279
1728723.LOFI	GS	140.0	140.0	0	237	117.45	1	0.938658	0.111785	0	1	0.938658	0.880601	0.834107	0.804161	0.782030	0.819641	0.895488	0.810539	0.886955
1735621.LOFI	GS	95.25	126.95	-1	256	129.20	4	0.997918	0.011722	0	0	0.982292	0.975610	0.981059	0.997918	0.975611	0.996485	0.995289	0.994150	0.990099
1743969.LOFI	GS	130.0	157.02	-1	240	161.50	1	0.969642	0.068647	1	0	0.969642	0.951750	0.935600	0.919093	0.896827	0.891433	0.888535	0.905162	0.889668
1747518.LOFI	GS	140.0	140.22	0	177	92.29	1	0.880505	0.121744	1	0	0.880505	0.768430	0.749092	0.804007	0.785946	0.712242	0.727583	0.784934	0.739030
1753073.LOFI	GS	140.0	139.46	0	281	143.55	8	0.965581	0.064116	0	1	0.952539	0.904767	0.888500	0.898163	0.897639	0.965581	0.887875	0.945773	0.915022
1765409.LOFI	GS	72.0	144.64	1	192	95.70	1	0.894862	0.251658	1	0	0.894862	0.780037	0.695997	0.637134	0.610686	0.643078	0.671027	0.590189	0.643330
1791554.LOFI	GS	126.0	62.95	2	121	63.02	2	0.989981	0.020947	0	0	0.983948	0.989981	0.977158	0.982978	0.972966	0.965101	0.946011	0.928233	0.963718
1816200.LOFI	GS	123.0	123.01	0	245	123.05	16	0.987179	0.002883	0	1	0.982870	0.979958	0.979190	0.986376	0.977266	0.986056	0.985724	0.987179	0.986028
1817444.LOFI	GS	172.0	173.65	0	163	86.13	32	0.921065	0.225394	0	1	0.917685	0.810731	0.721863	0.669479	0.630744	0.617603	0.653010	0.878824	0.921065
1825982.LOFI	GS	123.0	123.07	0	310	161.50	1	0.970628	0.116660	1	0	0.970628	0.927036	0.890988	0.869218	0.853253	0.843344	0.833933	0.854684	0.820299
1839656.LOFI	GS	140.0	140.15	0	187	92.29	1	0.965278	0.024400	1	0	0.965278	0.954869	0.954340	0.947379	0.953115	0.934377	0.919396	0.928455	0.881408
1842615.LOFI	GS	148.0	147.64	0	199	99.38	1	0.983092	0.007016	1	0	0.983092	0.980958	0.982974	0.975312	0.976839	0.978282	0.971405	0.972435	0.968356
1851619.LOFI	GS	99.0	99.02	0	264	129.20	1	0.961466	0.017582	0	1	0.961466	0.950129	0.946636	0.937311	0.935323	0.941132	0.948193	0.938580	0.958239
1855660.LOFI	GS	174.0	174.08	0	145	86.13	8	0.973916	0.123833	0	1	0.929659	0.848987	0.777331	0.742643	0.851180	0.973916	0.744465	0.971538	0.966226
1874244.LOFI	GS	70.0	186.56	-1	188	92.29	1	0.887623	0.136829	0	1	0.887623	0.777397	0.735345	0.718733	0.711918	0.766243	0.701237	0.810158	0.804969
1885798.LOFI	GS	101.0	134.65	-1	267	136.00	1	0.884145	0.041505	1	1	0.884145	0.834078	0.836309	0.853675	0.857841	0.821014	0.826281	0.881487	0.848970
1889739.LOFI	GS	127.5	127.64	0	156	129.20	1	0.977976	0.028381	0	0	0.977976	0.963203	0.953973	0.950768	0.945604	0.958428	0.943507	0.948308	0.948422
1889844.LOFI	GS	140.0	140.08	0	280	143.55	8	0.954484	0.054009	0	1	0.923345	0.874151	0.894509	0.928249	0.867634	0.954484	0.906442	0.930366	0.882648
1896782.LOFI	GS	140.0	175.0	-1	350	184.57	1	0.976918	0.026633	0	0	0.976918	0.966482	0.964096	0.966865	0.957040	0.943529	0.928004	0.922190	0.895667
1905591.LOFI	GS	180.0	120.02	-1	146	89.10	1	0.983947	0.016497	0	1	0.983947	0.980027	0.970497	0.970858	0.964404	0.962913	0.962912	0.975583	0.964373
1905592.LOFI	GS	118.0	175.15	-1	228	112.35	1	0.961254	0.090751	1	0	0.961254	0.925570	0.903496	0.891603	0.869080	0.852847	0.862800	0.865235	0.871925
1918704.LOFI	GS	140.0	140.12	0	185	92.29	1	0.934998	0.123016	0	1	0.934998	0.860860	0.810517	0.799226	0.800393	0.808318	0.856300	0.813448	0.864570
1921248.LOFI	GS	150.0	147.59	0	199	99.38	1	0.990193	0.006386	1	0	0.990193	0.988059	0.987163	0.983293	0.983948	0.985762	0.982541	0.983667	0.980744
1929611.LOFI	GS	173.0	173.33	0	174	86.13	16	0.954020	0.075228	0	1	0.947129	0.903156	0.882729	0.874855	0.858657	0.857593	0.871003	0.954020	0.921501
1943706.LOFI	GS	132.0	132.8	0	70	89.10	4	0.999142	0.000682	0	0	0.998605	0.998290	0.998314	0.999142	0.997951	0.998884	0.998850	0.998749	0.998160
1950701.LOFI	GS	174.0	174.05	0	215	117.45	1	0.943230	0.180265	1	0	0.943230	0.878076	0.818606	0.764028	0.733270	0.753289	0.779731	0.701317	0.761903
1955621.LOFI	GS	140.0	140.22	0	137	69.84	8	0.977302	0.013289	0	0	0.969572	0.971838	0.962532	0.973628	0.964956	0.977302	0.959546	0.963071	0.947693
1960598.LOFI	GS	139.0	139.96	0	185	92.29	1	0.962856	0.077964	0	1	0.962856	0.918305	0.879939	0.840248	0.821324	0.889845	0.919379	0.802769	0.926054
1968659.LOFI	GS	136.0	135.99	0	272	136.00	12	0.995098	0.010089	0	0	0.984080	0.982951	0.979919	0.988316	0.981101	0.988143	0.995098	0.987347	0.985938
1973680.LOFI	GS	80.0	157.99	1	314	161.50	16	0.987214	0.083382	0	1	0.931040	0.892067	0.896827	0.903051	0.873384	0.917299	0.904612	0.987214	0.984633
1974485.LOFI	GS	170.0	167.17	0	168	83.35	1	0.983007	0.015744	0	0	0.983007	0.972198	0.967888	0.966638	0.964994	0.978221	0.957068	0.968443	0.954967
1982430.LOFI	GS	126.0	126.01	0	246	123.05	1	0.990426	0.014832	0	1	0.990426	0.984005	0.979194	0.976246	0.972423	0.968117	0.972066	0.984978	0.974941
1982431.LOFI	GS	126.0	126.08	0	246	123.05	1	0.977467	0.029335	0	0	0.977467	0.976322	0.958414	0.964559	0.951911	0.944353	0.935740	0.938836	0.903643
2013128.LOFI	GS	126.0	126.1	0	127	63.02	1	0.983534	0.083293	1	0	0.983534	0.959263	0.939149	0.925601	0.906705	0.893658	0.890437	0.893778	0.876109
2022116.LOFI	GS	148.0	147.64	0	198	99.38	1	0.996648	0.004910	1	0	0.996648	0.994142	0.992672	0.992236	0.991888	0.991588	0.990753	0.990048	0.988290
2039114.LOFI	GS	120.0	157.19	-1	325	161.50	1	0.950142	0.105748	0	0	0.950142	0.889035	0.854257	0.834532	0.818459	0.831658	0.889349	0.813487	0.871951
2048806.LOFI	GS	140.0	140.02	0	157	112.35	1	0.977412	0.144060	1	0	0.977412	0.946752	0.922130	0.899269	0.850539	0.816164	0.798314	0.787752	0.765046
2061919.LOFI	GS	140.0	140.08	0	186	92.29	16	0.936211	0.063194	1	1	0.903181	0.853525	0.857232	0.876955	0.913661	0.854008	0.869080	0.936211	0.935521
2071203.LOFI	GS	134.0	66.57	2	214	107.67	3	0.997896	0.002750	1	1	0.993634	0.994817	0.997896	0.993857	0.995896	0.995475	0.993677	0.997435	0.996478
2083393.LOFI	GS	115.0	117.96	0	222	117.45	32	0.985360	0.015783	0	1	0.984816	0.970436	0.963786	0.959925	0.968718	0.977386	0.959257	0.978041	0.985360
2083969.LOFI	GS	70.0	137.97	1	133	69.84	16	0.938273	0.094571	0	1	0.936298	0.882396	0.856367	0.831035	0.822927	0.822037	0.820903	0.938273	0.917389
2088277.LOFI	GS	140.0	139.95	0	378	184.57	1	0.947095	0.111645	0	0	0.947095	0.881202	0.844365	0.823786	0.811683	0.826535	0.869334	0.819796	0.854961
2088281.LOFI	GS	140.0	139.7	0	185	92.29	1	0.937649	0.039077	1	1	0.937649	0.882664	0.869019	0.907734	0.933818	0.859756	0.889409	0.936936	0.909687
210560.LOFI	GS	79.0	105.31	-1	209	103.36	1	0.926747	0.194913	0	1	0.926747	0.845436	0.766955	0.696198	0.650346	0.712061	0.751608	0.663785	0.767095
220883.LOFI	GS	140.0	139.74	0	208	112.35	1	0.982340	0.134538	1	0	0.982340	0.954286	0.927998	0.901640	0.853266	0.830839	0.823135	0.821812	0.842337
2422602.LOFI	GS	128.0	101.6	-1	101	103.36	3	0.998348	0.013331	1	0	0.984997	0.985036	0.998348	0.985197	0.997039	0.982825	0.992239	0.976669	0.961676
2432724.LOFI	GS	126.0	157.97	-1	321	172.27	1	0.988707	0.015839	1	0	0.988707	0.982710	0.980375	0.979583	0.976293	0.969444	0.965862	0.966059	0.964281
2442269.LOFI	GS	140.0	140.27	0	165	92.29	1	0.958096	0.056628	0	1	0.958096	0.912494	0.889893	0.892873	0.900118	0.895112	0.936329	0.902819	0.954820
2673896.LOFI	GS	129.5	129.03	0	199	103.36	1	0.985306	0.013880	1	0	0.985306	0.976272	0.978094	0.973011	0.979908	0.966398	0.969841	0.963136	0.953865
2676246.LOFI	GS	140.0	140.08	0	282	143.55	1	0.953895	0.077966	1	0	0.953895	0.924008	0.904348	0.873831	0.823079	0.794889	0.813930	0.878028	0.898501
2676506.LOFI	GS	126.0	62.94	2	229	123.05	16	0.918074	0.071753	0	1	0.876210	0.850437	0.833424	0.842204	0.839096	0.912275	0.834844	0.918074	0.881405
2677224.LOFI	GS	126.0	125.99	0	168	83.35	1	0.996888	0.001502	0	0	0.996888	0.996810	0.995278	0.996671	0.996619	0.994987	0.994817	0.995493	0.993586
2702022.LOFI	GS	144.0	143.99	0	142	71.78	1	0.987223	0.039236	1	0	0.987223	0.983550	0.974693	0.969302	0.954743	0.941231	0.919623	0.901787	0.842426
2703359.LOFI	GS	174.0	174.07	0	349	172.27	1	0.941876	0.135620	0	1	0.941876	0.877938	0.824336	0.788176	0.746861	0.744939	0.761818	0.930614	0.910643
2704868.LOFI	GS	64.0	132.18	1	247	129.20	32	0.965713	0.069316	0	1	0.924141	0.905510	0.903267	0.904345	0.883958	0.889527	0.877502	0.881226	0.965713
2706792.LOFI	GS	172.0	172.99	0	155	86.13	1	0.966944	0.078431	1	0	0.966944	0.935526	0.900261	0.874721	0.857313	0.856683	0.885031	0.891994	0.897757
2720752.LOFI	GS	111.0	149.3	-1	224	112.35	8	0.993076	0.012694	0	1	0.980918	0.976481	0.974285	0.980355	0.975417	0.993076	0.980409	0.992770	0.988675
2725284.LOFI	GS	175.0	174.97	0	346	172.27	16	0.978319	0.012249	0	1	0.969777	0.963008	0.960343	0.969131	0.959345	0.976220	0.962653	0.978319	0.970495
2725286.LOFI	GS	175.0	175.0	0	237	117.45	1	0.945526	0.164452	1	0	0.945526	0.887870	0.851622	0.790153	0.729218	0.756849	0.771993	0.738043	0.804105
2725352.LOFI	GS	141.0	140.12	0	282	143.55	1	0.987235	0.049556	1	0	0.987235	0.971486	0.961107	0.954025	0.929416	0.917627	0.903242	0.892956	0.945941
2725358.LOFI	GS	140.0	140.0	0	187	92.29	1	0.979780	0.053037	1	0	0.979780	0.971046	0.962321	0.942275	0.928853	0.923202	0.907737	0.924632	0.898645
2725361.LOFI	GS	141.0	140.15	0	278	143.55	1	0.980948	0.056394	0	1	0.980948	0.958147	0.933326	0.915782	0.899363	0.896063	0.913213	0.964160	0.934708
2726350.LOFI	GS	128.0	117.6	-1	236	117.45	1	0.988614	0.010014	0	0	0.988614	0.980259	0.979578	0.983013	0.974430	0.981151	0.977623	0.975589	0.973614
2726353.LOFI	GS	128.0	117.62	-1	236	117.45	1	0.994020	0.012884	1	0	0.994020	0.990789	0.988850	0.987663	0.982678	0.979595	0.972621	0.967608	0.943993
2726355.LOFI	GS	128.0	117.66	-1	235	117.45	1	0.992969	0.011170	1	0	0.992969	0.989742	0.987391	0.986436	0.982243	0.981354	0.974870	0.972491	0.977243
2734649.LOFI	GS	174.0	174.09	0	174	86.13	1	0.908314	0.145452	0	1	0.908314	0.815885	0.757159	0.720468	0.725625	0.768565	0.684826	0.901538	0.851102
2734862.LOFI	GS	180.0	135.36	-1	179	89.10	2	0.992987	0.009328	1	0	0.982276	0.992987	0.978545	0.989696	0.987050	0.985141	0.984167	0.983151	0.981627
2741734.LOFI	GS	180.0	178.41	0	181	89.10	4	0.971482	0.018957	0	0	0.961607	0.971106	0.950101	0.971482	0.954948	0.958858	0.946724	0.946279	0.922869
2745205.LOFI	GS	127.0	116.66	-1	233	117.45	1	0.994941	0.003936	0	0	0.994941	0.994578	0.992528	0.992835	0.991114	0.990896	0.989070	0.987131	0.978971
2751688.LOFI	GS	120.0	120.01	0	191	95.70	3	0.972442	0.004847	1	0	0.969930	0.967012	0.972442	0.969311	0.966543	0.967139	0.970586	0.968052	0.966754
2757093.LOFI	GS	80.0	159.97	1	150	80.75	1	0.958468	0.023403	0	1	0.958468	0.935409	0.934722	0.938873	0.912244	0.923462	0.932248	0.957709	0.949804
2759853.LOFI	GS	128.0	129.75	0	186	103.36	1	0.985280	0.009493	1	0	0.985280	0.980381	0.982171	0.975667	0.980653	0.973597	0.975907	0.969614	0.959195
278893.LOFI	GS	145.0	147.32	0	199	99.38	1	0.989307	0.003520	1	0	0.989307	0.986371	0.986466	0.986842	0.985665	0.985907	0.981807	0.981047	0.980097
28952.LOFI	GS	137.6	68.81	2	240	136.00	1	0.946712	0.167677	0	1	0.946712	0.872437	0.804807	0.753262	0.702973	0.703709	0.749616	0.937467	0.931484
2992360.LOFI	GS	123.0	122.82	0	241	123.05	16	0.985802	0.010493	0	1	0.975786	0.959948	0.967055	0.978496	0.954858	0.977537	0.974832	0.985802	0.980048
3013673.LOFI	GS	157.0	157.18	0	310	152.00	1	0.950300	0.040020	0	1	0.950300	0.912437	0.907121	0.912620	0.897025	0.908122	0.904708	0.916833	0.936280
3013772.LOFI	GS	165.0	124.28	-1	157	83.35	1	0.916441	0.096224	0	1	0.916441	0.848647	0.799286	0.790487	0.839637	0.909371	0.779406	0.877327	0.800796
3016341.LOFI	GS	128.0	127.73	0	333	172.27	1	0.976165	0.083600	1	0	0.976165	0.951521	0.933291	0.914989	0.890441	0.883144	0.881185	0.894688	0.870990
3023605.LOFI	GS	145.0	133.25	-1	185	136.00	1	0.999024	0.000378	0	1	0.999024	0.998695	0.998649	0.998653	0.998575	0.998548	0.998414	0.998709	0.998642
3040535.LOFI	GS	140.0	140.18	0	142	69.84	8	0.927838	0.141638	0	1	0.847388	0.793144	0.748800	0.768973	0.779257	0.927838	0.757547	0.907066	0.842298
3041381.LOFI	GS	119.0	67.27	-1	232	161.50	1	0.966016	0.102583	1	0	0.966016	0.930940	0.909459	0.892808	0.875137	0.851731	0.801429	0.751932	0.637477
3041383.LOFI	GS	176.0	185.86	-1	255	136.00	2	0.979196	0.014703	0	0	0.974201	0.979196	0.965724	0.975232	0.967345	0.963262	0.955328	0.947450	0.920124
3058700.LOFI	GS	70.0	140.18	1	186	92.29	1	0.963913	0.052861	1	0	0.963913	0.936975	0.926603	0.929583	0.933974	0.895501	0.884466	0.882326	0.856753
3059880.LOFI	GS	128.0	126.0	0	250	123.05	1	0.934475	0.046468	0	1	0.934475	0.886721	0.886612	0.889291	0.872349	0.923083	0.869960	0.908542	0.897843
3062661.LOFI	GS	85.0	169.1	1	226	112.35	1	0.933045	0.031925	0	1	0.933045	0.899783	0.892901	0.900299	0.914893	0.894746	0.901939	0.916587	0.925554
3069960.LOFI	GS	140.0	178.3	-1	281	143.55	1	0.948433	0.074023	0	1	0.948433	0.907679	0.882791	0.866030	0.854034	0.852454	0.853928	0.930441	0.901639
3079792.LOFI	GS	75.0	149.8	1	301	152.00	32	0.941718	0.147821	0	1	0.934673	0.854428	0.800381	0.772827	0.740068	0.736611	0.787412	0.880762	0.941718
3088145.LOFI	GS	63.0	127.01	1	251	129.20	1	0.854602	0.201089	0	1	0.854602	0.724873	0.661384	0.621403	0.606543	0.645641	0.622844	0.734756	0.686916
3089629.LOFI	GS	86.5	173.58	1	174	86.13	8	0.953904	0.194890	0	1	0.872745	0.762489	0.725332	0.719901	0.755539	0.953904	0.725360	0.939186	0.898089
3091433.LOFI	GS	140.0	140.12	0	138	69.84	8	0.943191	0.020504	0	1	0.934299	0.922876	0.922497	0.939640	0.910693	0.943191	0.915399	0.941177	0.916189
3091814.LOFI	GS	120.0	124.97	-1	248	123.05	1	0.997427	0.021852	1	0	0.997427	0.993862	0.990226	0.986508	0.978970	0.972180	0.968667	0.965018	0.946270
3097674.LOFI	GS	140.0	139.98	0	226	112.35	1	0.978758	0.010845	1	0	0.978758	0.973133	0.976308	0.972970	0.973581	0.962856	0.958482	0.954083	0.941899
3101046.LOFI	GS	174.0	173.73	0	235	117.45	32	0.919243	0.133229	1	1	0.850159	0.720978	0.709847	0.775307	0.886094	0.707880	0.796721	0.916929	0.919243
310291.LOFI	GS	140.0	141.27	0	185	92.29	1	0.970539	0.100039	1	0	0.970539	0.938475	0.913414	0.896704	0.875778	0.865222	0.852884	0.850737	0.841860
3109241.LOFI	GS	140.0	139.45	0	139	69.84	1	0.988030	0.028459	0	1	0.988030	0.975774	0.964272	0.954869	0.947649	0.944727	0.948567	0.986826	0.974396
3116297.LOFI	GS	140.0	140.25	0	225	112.35	1	0.965825	0.170418	1	0	0.965825	0.915300	0.863338	0.813367	0.729264	0.738731	0.842385	0.777447	0.727603
3124242.LOFI	GS	130.0	86.6	-1	170	86.13	1	0.953544	0.220360	0	1	0.953544	0.882764	0.819171	0.769742	0.696627	0.668724	0.611611	0.573294	0.907571
3125254.LOFI	GS	140.0	139.52	0	140	69.84	1	0.884783	0.081948	0	1	0.884783	0.795899	0.790508	0.815262	0.770112	0.841731	0.803089	0.802582	0.816284
3128068.LOFI	GS	128.0	127.64	0	204	103.36	1	0.983674	0.017289	1	0	0.983674	0.977309	0.975867	0.971930	0.971493	0.961276	0.960958	0.951736	0.934877
3128701.LOFI	GS	140.0	140.03	0	220	143.55	1	0.976996	0.091861	1	0	0.976996	0.956073	0.929639	0.905578	0.864692	0.835009	0.827266	0.844376	0.929285
3130573.LOFI	GS	175.0	175.06	0	175	86.13	8	0.898825	0.113913	0	1	0.895168	0.800112	0.761424	0.744062	0.769712	0.898825	0.748886	0.882486	0.812974
3134837.LOFI	GS	138.0	139.74	0	185	92.29	1	0.968333	0.063313	0	1	0.968333	0.926846	0.896588	0.883657	0.883338	0.913452	0.941725	0.892243	0.944519
3151015.LOFI	GS	174.0	175.2	0	329	172.27	1	0.948410	0.088171	0	1	0.948410	0.897970	0.867554	0.852923	0.830253	0.847302	0.828144	0.876298	0.891571
3158774.LOFI	GS	166.0	99.31	-1	165	83.35	16	0.922117	0.038408	0	1	0.920691	0.861454	0.887128	0.917204	0.849147	0.898736	0.880289	0.922117	0.865399
3165747.LOFI	GS	140.0	140.19	0	188	92.29	1	0.931538	0.031981	1	0	0.931538	0.898868	0.900247	0.909195	0.914085	0.898791	0.900544	0.898347	0.891231
3167057.LOFI	GS	85.0	175.33	1	237	117.45	1	0.904839	0.124385	1	0	0.904839	0.846590	0.831072	0.798293	0.776806	0.778031	0.765011	0.782876	0.766586
3169408.LOFI	GS	113.0	166.17	-1	301	152.00	3	0.989717	0.004257	1	0	0.989252	0.987979	0.989717	0.985506	0.985537	0.985413	0.979539	0.979290	0.966045
3173482.LOFI	GS	165.0	165.0	0	163	83.35	8	0.987443	0.021370	0	1	0.954793	0.946634	0.953708	0.983797	0.944310	0.987443	0.977354	0.981070	0.978440
3173803.LOFI	GS	186.0	185.87	0	175	92.29	1	0.916490	0.085515	0	1	0.916490	0.847427	0.821597	0.803460	0.818383	0.901520	0.780762	0.875704	0.840352
3181214.LOFI	GS	140.0	139.62	0	211	112.35	1	0.964370	0.253796	1	0	0.964370	0.908557	0.856157	0.808996	0.728910	0.692237	0.662057	0.638772	0.593986
3188462.LOFI	GS	115.0	115.1	0	305	152.00	1	0.968338	0.066629	1	0	0.968338	0.944261	0.926976	0.911237	0.900686	0.897628	0.898302	0.898386	0.902731
3189712.LOFI	GS	170.0	113.32	-1	216	112.35	1	0.964603	0.020519	1	0	0.964603	0.955301	0.954044	0.941268	0.944182	0.952033	0.943986	0.941034	0.938482
3190021.LOFI	GS	180.0	120.0	-1	237	117.45	2	0.957874	0.024495	1	0	0.954620	0.957874	0.955499	0.932305	0.933204	0.941561	0.918851	0.933553	0.911670
3190084.LOFI	GS	174.0	174.06	0	234	117.45	1	0.960961	0.045907	0	0	0.960961	0.934217	0.918818	0.920887	0.917697	0.886188	0.885240	0.912412	0.874820
3194652.LOFI	GS	177.7	175.04	0	216	117.45	1	0.953581	0.081661	1	0	0.953581	0.918912	0.899643	0.884737	0.876440	0.863606	0.863455	0.867399	0.850903
3202338.LOFI	GS	80.0	80.16	0	320	161.50	16	0.978494	0.026595	0	1	0.964721	0.964277	0.944132	0.955851	0.946145	0.946439	0.947948	0.978494	0.961820
3208076.LOFI	GS	107.0	127.21	-1	256	129.20	8	0.981715	0.012249	1	0	0.946904	0.977690	0.938001	0.973831	0.974960	0.981715	0.966172	0.972761	0.959196
3209004.LOFI	GS	129.0	119.73	-1	323	161.50	1	0.972210	0.023185	1	1	0.972210	0.948472	0.943061	0.951642	0.965663	0.942061	0.949579	0.956759	0.934579
3209061.LOFI	GS	174.0	174.05	0	219	117.45	1	0.948730	0.204731	1	0	0.948730	0.901338	0.864597	0.826288	0.763762	0.692798	0.653606	0.724236	0.590379
3211234.LOFI	GS	140.0	140.15	0	251	143.55	1	0.988033	0.023414	1	0	0.988033	0.979725	0.974572	0.972429	0.963942	0.960008	0.960540	0.965295	0.951249
3213176.LOFI	GS	174.0	174.02	0	231	117.45	1	0.963544	0.071420	1	0	0.963544	0.933203	0.915856	0.906103	0.896658	0.887590	0.883405	0.868921	0.837637
3218565.LOFI	GS	200.0	127.44	-1	257	129.20	1	0.990550	0.006356	0	0	0.990550	0.985707	0.984797	0.986153	0.983891	0.984497	0.982496	0.979141	0.979835
3218804.LOFI	GS	174.0	140.17	-1	285	143.55	1	0.934508	0.077258	0	1	0.934508	0.876612	0.855978	0.853434	0.849641	0.864611	0.858523	0.851488	0.885870
3220340.LOFI	GS	140.0	139.4	0	183	92.29	1	0.968939	0.069239	1	0	0.968939	0.941240	0.922929	0.911505	0.898631	0.900770	0.895291	0.884997	0.866715
3226171.LOFI	GS	160.0	106.68	-1	213	107.67	1	0.967770	0.123099	1	0	0.967770	0.938662	0.918137	0.893654	0.856856	0.812537	0.775373	0.832485	0.726762
3226172.LOFI	GS	69.0	138.0	1	275	136.00	1	0.981144	0.008776	0	0	0.981144	0.976399	0.972351	0.972385	0.968661	0.977435	0.966303	0.974572	0.965949
3226180.LOFI	GS	180.0	139.98	-1	131	69.84	1	0.958045	0.050819	0	1	0.958045	0.928644	0.905521	0.891806	0.902600	0.908931	0.874304	0.931379	0.918330
3230477.LOFI	GS	101.0	104.82	0	203	99.38	1	0.951426	0.225480	1	0	0.951426	0.889235	0.834942	0.795439	0.743833	0.708059	0.667817	0.676026	0.646626
3230949.LOFI	GS	140.0	140.15	0	283	143.55	1	0.940226	0.083845	0	1	0.940226	0.879396	0.856652	0.851381	0.844998	0.855740	0.856110	0.868788	0.869539
3241615.LOFI	GS	140.0	139.94	0	138	69.84	1	0.991822	0.030917	1	0	0.991822	0.988715	0.979232	0.976179	0.965549	0.956260	0.951580	0.952056	0.953012
3244386.LOFI	GS	140.0	93.53	-1	176	92.29	1	0.979644	0.025174	0	0	0.979644	0.965008	0.962051	0.966328	0.962081	0.946888	0.932518	0.922664	0.841714
3247762.LOFI	GS	170.0	170.72	0	348	172.27	3	0.979631	0.012593	1	0	0.978813	0.972391	0.979631	0.970788	0.971215	0.963290	0.962309	0.960077	0.958604
3261686.LOFI	GS	128.0	127.95	0	267	172.27	3	0.985967	0.007755	1	0	0.984465	0.984092	0.985967	0.978510	0.977547	0.984167	0.976489	0.975228	0.977915
3261883.LOFI	GS	140.0	186.71	-1	225	112.35	1	0.962954	0.120028	0	0	0.962954	0.910002	0.868508	0.846730	0.839122	0.832123	0.901901	0.832866	0.784001
3264338.LOFI	GS	138.0	139.2	0	226	112.35	1	0.971334	0.176480	1	0	0.971334	0.927394	0.885382	0.849509	0.792751	0.772121	0.765593	0.772886	0.796958
3267829.LOFI	GS	140.0	139.94	0	175	92.29	1	0.987288	0.027686	1	0	0.987288	0.981293	0.976392	0.970813	0.961904	0.957300	0.950100	0.957260	0.935930
3269490.LOFI	GS	140.0	139.98	0	279	143.55	8	0.985658	0.143954	0	1	0.918566	0.842619	0.802960	0.782615	0.840791	0.985658	0.782673	0.981913	0.979376
3269670.LOFI	GS	140.0	126.03	-1	228	112.35	1	0.971766	0.175354	1	0	0.971766	0.924625	0.877194	0.835078	0.761073	0.731831	0.734701	0.771290	0.821534
3281282.LOFI	GS	160.0	106.65	-1	214	107.67	32	0.943759	0.027848	1	1	0.935079	0.924088	0.926379	0.883628	0.893008	0.921773	0.898175	0.910049	0.943759
3289180.LOFI	GS	80.0	159.99	1	317	161.50	32	0.915808	0.236805	0	1	0.896678	0.763888	0.669713	0.607800	0.559615	0.565887	0.697491	0.688293	0.915808
3291017.LOFI	GS	140.0	140.98	0	185	92.29	1	0.955588	0.276975	1	0	0.955588	0.883504	0.809158	0.735800	0.648066	0.657399	0.665546	0.674248	0.682978
3297802.LOFI	GS	126.0	168.0	-1	170	99.38	1	0.979646	0.011159	1	0	0.979646	0.970104	0.970239	0.967942	0.969665	0.969032	0.966324	0.963960	0.960166
3298908.LOFI	GS	63.5	63.53	0	211	103.36	3	0.991051	0.006595	1	0	0.986462	0.990680	0.991051	0.984092	0.983128	0.987034	0.983283	0.980444	0.984821
3303241.LOFI	GS	132.0	176.03	-1	337	172.27	1	0.992157	0.007349	1	0	0.992157	0.986977	0.985770	0.986555	0.987343	0.981218	0.981135	0.983845	0.976525
3304445.LOFI	GS	140.0	140.04	0	214	112.35	1	0.976389	0.033948	1	0	0.976389	0.958381	0.949300	0.943446	0.946976	0.933545	0.929062	0.923897	0.941437
3312045.LOFI	GS	170.0	169.54	0	223	112.35	1	0.940225	0.108260	1	0	0.940225	0.878199	0.842845	0.825082	0.821264	0.835882	0.828048	0.819561	0.841260
3313129.LOFI	GS	170.0	169.63	0	341	172.27	2	0.989995	0.009664	0	0	0.983676	0.989995	0.979303	0.989972	0.981672	0.981359	0.973061	0.965138	0.932904
3317417.LOFI	GS	96.0	127.81	-1	257	129.20	1	0.952858	0.150947	0	1	0.952858	0.890167	0.829269	0.781120	0.769453	0.779282	0.760529	0.867891	0.822702
3333492.LOFI	GS	120.0	120.12	0	240	123.05	16	0.993652	0.004140	0	1	0.990548	0.988695	0.986793	0.989640	0.984886	0.989384	0.991137	0.993652	0.993224
333579.LOFI	GS	140.0	140.21	0	283	143.55	1	0.974809	0.094495	0	1	0.974809	0.937711	0.897549	0.863080	0.819936	0.802835	0.853689	0.969632	0.964050
3336126.LOFI	GS	128.0	126.0	0	249	123.05	16	0.972823	0.239542	0	1	0.944834	0.853642	0.765799	0.700763	0.679498	0.686891	0.693342	0.972823	0.959022
3336604.LOFI	GS	170.0	170.05	0	335	172.27	32	0.961550	0.049283	0	1	0.958717	0.926419	0.913073	0.911460	0.889935	0.891229	0.896653	0.935414	0.961550
3343760.LOFI	GS	175.0	174.94	0	232	117.45	1	0.954770	0.046640	1	0	0.954770	0.928419	0.916349	0.912830	0.911035	0.902792	0.897525	0.905227	0.889870
3344148.LOFI	GS	110.0	143.18	-1	216	107.67	1	0.971267	0.008991	0	0	0.971267	0.967088	0.964649	0.966665	0.960669	0.963884	0.956423	0.959319	0.948128
3349486.LOFI	GS	140.0	140.15	0	140	69.84	2	0.949454	0.015736	0	0	0.934140	0.949454	0.908967	0.934461	0.933707	0.947753	0.921780	0.933729	0.883556
3368053.LOFI	GS	128.0	117.61	-1	235	117.45	1	0.983913	0.018425	0	0	0.983913	0.975021	0.967863	0.968564	0.963112	0.970663	0.948106	0.947135	0.917687
3368054.LOFI	GS	127.0	116.67	-1	219	117.45	8	0.975989	0.015326	0	0	0.968741	0.968656	0.956760	0.961547	0.962741	0.975989	0.947450	0.959780	0.948404
3368055.LOFI	GS	127.0	116.66	-1	233	117.45	1	0.989695	0.016820	1	0	0.989695	0.985043	0.981378	0.978342	0.972377	0.973373	0.960006	0.956223	0.932294
3370500.LOFI	GS	85.0	127.32	-1	226	112.35	1	0.969535	0.039189	0	1	0.969535	0.938027	0.923508	0.925771	0.931814	0.920196	0.943197	0.928877	0.942694
3372883.LOFI	GS	128.0	131.02	0	263	129.20	8	0.991591	0.004202	0	1	0.988023	0.980844	0.984635	0.988988	0.980700	0.991591	0.986754	0.989494	0.989291
3377892.LOFI	GS	174.0	174.0	0	293	172.27	1	0.937961	0.063430	0	1	0.937961	0.882720	0.874215	0.874401	0.855237	0.881839	0.867923	0.874660	0.891776
3383105.LOFI	GS	85.0	160.02	-1	321	161.50	1	0.927755	0.017130	0	0	0.927755	0.887271	0.896134	0.923860	0.911157	0.914387	0.911734	0.902822	0.910094
3387888.LOFI	GS	174.0	174.03	0	231	117.45	32	0.961344	0.016270	0	1	0.958165	0.940773	0.937740	0.947379	0.954845	0.933141	0.942769	0.960632	0.961344
3391054.LOFI	GS	199.0	139.95	-1	186	92.29	1	0.967030	0.060987	0	0	0.967030	0.929698	0.905909	0.892590	0.884279	0.906177	0.937743	0.870418	0.929515
3398611.LOFI	GS	123.0	123.05	0	225	123.05	8	0.976407	0.068113	0	1	0.918985	0.911996	0.870494	0.904381	0.904593	0.976407	0.892640	0.961660	0.943129
3403794.LOFI	GS	190.0	189.82	0	130	95.70	1	0.985970	0.032351	0	1	0.985970	0.972720	0.964453	0.959313	0.947926	0.939683	0.929313	0.926464	0.975877
3405537.LOFI	GS	126.0	126.02	0	168	83.35	16	0.983683	0.007385	0	1	0.974169	0.976366	0.982505	0.969966	0.976231	0.982563	0.966412	0.983683	0.982723
3409480.LOFI	GS	124.0	122.04	0	124	61.52	8	0.917398	0.150032	0	1	0.894803	0.780460	0.742636	0.724031	0.754271	0.917398	0.696890	0.844219	0.850708
3412362.LOFI	GS	130.0	119.45	-1	223	117.45	32	0.984172	0.025255	0	1	0.976761	0.959103	0.954951	0.958730	0.955894	0.981760	0.958470	0.978682	0.984172
3414605.LOFI	GS	125.0	124.61	0	249	123.05	1	0.976681	0.020212	1	0	0.976681	0.964318	0.965590	0.967826	0.952050	0.960887	0.938016	0.927922	0.878043
3414746.LOFI	GS	85.5	171.03	1	228	112.35	1	0.951425	0.216563	1	0	0.951425	0.885556	0.825822	0.774978	0.732488	0.727496	0.726857	0.734205	0.735519
3419452.LOFI	GS	140.0	139.89	0	260	143.55	16	0.929162	0.054796	0	1	0.925277	0.866372	0.862768	0.872792	0.858560	0.875939	0.876694	0.929162	0.923807
3428474.LOFI	GS	120.0	120.91	0	316	161.50	32	0.980837	0.008970	0	1	0.977687	0.973672	0.974267	0.958302	0.962512	0.978675	0.970062	0.966662	0.980837
3433621.LOFI	GS	85.0	169.1	1	212	112.35	32	0.936031	0.073122	0	1	0.921484	0.861988	0.843197	0.859055	0.866357	0.842550	0.891364	0.863831	0.936031
3435022.LOFI	GS	128.0	170.68	-1	335	172.27	1	0.984176	0.024606	1	0	0.984176	0.978530	0.976313	0.972717	0.964763	0.954377	0.933871	0.918659	0.881036
3439626.LOFI	GS	174.0	174.0	0	166	86.13	1	0.937606	0.096983	1	0	0.937606	0.890796	0.878180	0.868515	0.840534	0.840711	0.827947	0.826771	0.785695
3443201.LOFI	GS	136.0	136.02	0	271	136.00	4	0.992487	0.019505	0	0	0.973841	0.972124	0.970205	0.992487	0.967865	0.988794	0.981252	0.977272	0.968625
344470.LOFI	GS	120.0	119.98	0	323	161.50	1	0.977116	0.138278	1	0	0.977116	0.950603	0.926717	0.903143	0.859488	0.818190	0.760319	0.751127	0.764488
3453642.LOFI	GS	175.0	173.96	0	348	172.27	1	0.937632	0.086235	0	1	0.937632	0.899099	0.859603	0.843191	0.810879	0.798790	0.799176	0.864057	0.872096
3460093.LOFI	GS	170.0	169.56	0	229	112.35	1	0.961650	0.054766	0	1	0.961650	0.925052	0.907719	0.892598	0.889182	0.906050	0.930308	0.891316	0.930545
3460094.LOFI	GS	170.0	169.59	0	172	86.13	8	0.960216	0.017014	0	0	0.954034	0.922088	0.931572	0.955766	0.905894	0.960216	0.939969	0.952074	0.946436
3467867.LOFI	GS	172.0	172.94	0	170	86.13	8	0.982491	0.019148	0	1	0.965460	0.961225	0.957988	0.977245	0.957058	0.982491	0.968186	0.970033	0.948296
3471827.LOFI	GS	174.0	174.86	0	228	117.45	1	0.950084	0.104538	0	1	0.950084	0.894608	0.845294	0.806896	0.790804	0.845797	0.913319	0.781813	0.904468
3475669.LOFI	GS	140.0	139.83	0	153	92.29	1	0.950571	0.070561	1	0	0.950571	0.913644	0.896825	0.878692	0.864461	0.881329	0.890874	0.847984	0.860345
3475672.LOFI	GS	86.0	175.15	1	231	117.45	1	0.953163	0.192393	1	0	0.953163	0.895792	0.851191	0.812304	0.745646	0.699060	0.687670	0.775893	0.695137
3480108.LOFI	GS	130.0	130.03	0	303	152.00	1	0.970936	0.095964	0	1	0.970936	0.934106	0.898695	0.867382	0.830510	0.810588	0.828662	0.905612	0.882562
3482508.LOFI	GS	174.0	174.05	0	171	86.13	16	0.946207	0.040892	0	1	0.936816	0.910194	0.901120	0.909130	0.901501	0.938080	0.895233	0.946207	0.900293
3482510.LOFI	GS	85.0	170.17	1	216	112.35	1	0.930924	0.092549	1	0	0.930924	0.893487	0.880353	0.853914	0.836891	0.839859	0.820927	0.836763	0.815967
3482733.LOFI	GS	173.0	173.2	0	171	86.13	1	0.899863	0.141726	0	1	0.899863	0.773127	0.686992	0.655653	0.743145	0.875165	0.655386	0.876522	0.803267
3484119.LOFI	GS	122.0	128.06	-1	254	129.20	8	0.986271	0.007673	0	1	0.962552	0.978257	0.958530	0.982000	0.975954	0.986271	0.978939	0.985920	0.982734
3485917.LOFI	GS	140.0	139.8	0	187	92.29	1	0.984576	0.069152	1	0	0.984576	0.973555	0.961080	0.948511	0.927787	0.903062	0.882641	0.899245	0.867663
3486206.LOFI	GS	175.0	170.15	0	227	112.35	1	0.959927	0.244452	1	0	0.959927	0.906322	0.853855	0.798085	0.714425	0.662798	0.629027	0.716527	0.592794
3492833.LOFI	GS	140.0	139.52	0	153	92.29	1	0.932583	0.062981	0	0	0.932583	0.892605	0.869895	0.870683	0.864637	0.869309	0.879622	0.852376	0.867429
3493047.LOFI	GS	70.0	139.87	1	186	92.29	16	0.880596	0.095231	1	1	0.857775	0.760055	0.743403	0.792875	0.875411	0.723437	0.777855	0.880596	0.855331
3509304.LOFI	GS	175.0	175.05	0	234	117.45	1	0.911580	0.118161	0	1	0.911580	0.825650	0.794795	0.783148	0.785766	0.790399	0.845780	0.792044	0.847556
3511308.LOFI	GS	150.0	147.99	0	180	99.38	1	0.974286	0.004585	1	0	0.974286	0.970292	0.971369	0.972288	0.969111	0.966567	0.961316	0.967572	0.970317
3512227.LOFI	GS	140.0	140.09	0	226	112.35	1	0.983110	0.093358	1	0	0.983110	0.961980	0.941077	0.922191	0.894446	0.885058	0.879785	0.880331	0.877382
3519546.LOFI	GS	83.0	166.02	1	328	161.50	1	0.921045	0.156172	0	1	0.921045	0.823363	0.775775	0.753972	0.718519	0.709728	0.715730	0.821683	0.825700
3520036.LOFI	GS	120.0	120.02	0	240	117.45	16	0.983145	0.024032	0	1	0.971191	0.963482	0.955318	0.958183	0.959078	0.959147	0.956001	0.983145	0.969480
3530058.LOFI	GS	135.23	166.72	-1	219	107.67	3	0.992945	0.003723	1	1	0.990215	0.987825	0.992945	0.990095	0.990274	0.987256	0.987238	0.990953	0.988349
3534448.LOFI	GS	140.0	140.1	0	154	92.29	1	0.988948	0.022505	1	0	0.988948	0.978517	0.971781	0.966526	0.962015	0.966360	0.968402	0.950330	0.965908
3535112.LOFI	GS	128.0	128.31	0	253	129.20	16	0.920124	0.192589	0	1	0.895955	0.768614	0.704730	0.664627	0.679266	0.750341	0.635617	0.920124	0.862131
3535520.LOFI	GS	100.0	109.94	-1	221	112.35	1	0.946203	0.063413	0	1	0.946203	0.912849	0.887405	0.878175	0.828685	0.812879	0.866597	0.943992	0.915568
3558940.LOFI	GS	139.0	140.08	0	279	143.55	8	0.992741	0.017256	0	1	0.966123	0.949423	0.966299	0.985236	0.949498	0.992741	0.984672	0.990251	0.986425
3564559.LOFI	GS	170.0	169.1	0	223	112.35	16	0.963539	0.018891	1	1	0.950689	0.943974	0.938463	0.945323	0.957569	0.936431	0.941902	0.963539	0.946441
3565815.LOFI	GS	128.0	170.58	-1	348	172.27	1	0.977323	0.110962	1	0	0.977323	0.952133	0.931102	0.909668	0.874248	0.858233	0.840018	0.858475	0.799066
3566606.LOFI	GS	148.0	148.01	0	225	117.45	6	0.984256	0.009384	1	0	0.983435	0.974788	0.978585	0.974955	0.984256	0.970119	0.980353	0.973159	0.964965
3574815.LOFI	GS	140.0	140.4	0	184	92.29	1	0.926749	0.064831	1	0	0.926749	0.868805	0.854070	0.861279	0.866705	0.844340	0.866366	0.862558	0.845076
3577628.LOFI	GS	140.0	140.12	0	280	143.55	1	0.945120	0.238828	0	1	0.945120	0.870705	0.809615	0.754741	0.657845	0.606231	0.556657	0.526658	0.915585
3577631.LOFI	GS	140.0	139.43	0	340	184.57	1	0.951359	0.083930	0	1	0.951359	0.892870	0.868481	0.864500	0.858259	0.866376	0.891712	0.855789	0.900345
3593643.LOFI	GS	172.0	173.69	0	341	172.27	16	0.936416	0.164958	0	1	0.913688	0.813671	0.748624	0.732859	0.745805	0.794293	0.725904	0.936416	0.925946
3596904.LOFI	GS	130.0	130.1	0	259	129.20	1	0.967417	0.026559	0	1	0.967417	0.950101	0.940158	0.946228	0.933014	0.941558	0.935861	0.946641	0.934978
3605780.LOFI	GS	140.0	186.75	-1	226	112.35	1	0.965251	0.253521	1	0	0.965251	0.914264	0.862227	0.807263	0.713346	0.686677	0.701970	0.681069	0.710115
3612407.LOFI	GS	140.0	139.8	0	283	143.55	1	0.930337	0.150041	0	1	0.930337	0.861746	0.799832	0.764937	0.763404	0.794339	0.722628	0.766254	0.844543
3618176.LOFI	GS	173.0	174.02	0	233	117.45	1	0.926508	0.136795	0	1	0.926508	0.837448	0.791389	0.773381	0.770276	0.788038	0.857431	0.776428	0.887939
3621649.LOFI	GS	176.0	175.97	0	236	117.45	1	0.936801	0.138876	0	1	0.936801	0.854852	0.797284	0.762492	0.743690	0.798567	0.871257	0.740614	0.896382
3629920.LOFI	GS	175.0	175.15	0	234	117.45	1	0.923986	0.112777	0	0	0.923986	0.842298	0.812105	0.808407	0.808279	0.789582	0.840477	0.810315	0.834647
3630279.LOFI	GS	173.0	173.09	0	173	86.13	1	0.984319	0.030554	1	0	0.984319	0.972804	0.965865	0.963550	0.956293	0.951237	0.940594	0.934732	0.917120
3630280.LOFI	GS	174.0	174.7	0	235	117.45	1	0.939359	0.127657	0	1	0.939359	0.872342	0.817706	0.773950	0.766872	0.805698	0.839478	0.775713	0.843870
3638589.LOFI	GS	170.0	128.41	-1	220	112.35	16	0.986379	0.011052	0	1	0.974433	0.972783	0.976312	0.967709	0.976221	0.977808	0.967828	0.986379	0.985808
3640677.LOFI	GS	140.0	72.4	2	237	117.45	1	0.936948	0.062969	0	1	0.936948	0.891746	0.877744	0.867410	0.852915	0.893006	0.849383	0.897697	0.870214
3642438.LOFI	GS	172.0	173.67	0	218	112.35	1	0.933086	0.151230	1	0	0.933086	0.864289	0.821524	0.785734	0.762800	0.777979	0.788227	0.771198	0.772867
3649527.LOFI	GS	90.0	179.59	1	175	89.10	1	0.935659	0.040682	0	1	0.935659	0.906299	0.885604	0.877983	0.881046	0.902982	0.886971	0.908193	0.914817
3649559.LOFI	GS	175.0	175.05	0	231	117.45	1	0.949813	0.050911	0	1	0.949813	0.916087	0.896983	0.889129	0.889708	0.900821	0.917484	0.885394	0.922843
3650152.LOFI	GS	123.0	125.08	0	249	123.05	1	0.970228	0.021337	0	0	0.970228	0.950394	0.947387	0.954299	0.942423	0.967178	0.940474	0.952744	0.944452
3651620.LOFI	GS	135.0	132.29	0	177	89.10	1	0.972567	0.044003	1	0	0.972567	0.955283	0.942169	0.935112	0.927633	0.928999	0.928127	0.909479	0.900994
3655121.LOFI	GS	140.0	139.7	0	182	92.29	1	0.946584	0.029868	1	0	0.946584	0.936661	0.932771	0.919221	0.919034	0.914397	0.904685	0.910494	0.897880
3656301.LOFI	GS	174.0	174.1	0	233	117.45	1	0.936898	0.117817	1	0	0.936898	0.880136	0.849712	0.828704	0.817885	0.816960	0.811092	0.820277	0.815277
3658743.LOFI	GS	72.0	144.0	1	243	143.55	32	0.961817	0.082361	0	1	0.956888	0.917789	0.897468	0.892963	0.865948	0.857206	0.837799	0.837158	0.961817
365981.LOFI	GS	140.0	139.45	0	225	112.35	1	0.966018	0.085365	0	0	0.966018	0.930755	0.904172	0.883279	0.857190	0.866032	0.939918	0.878028	0.839383
3660450.LOFI	GS	140.0	140.15	0	186	92.29	16	0.944080	0.069950	1	1	0.913285	0.833429	0.824989	0.890970	0.929397	0.819245	0.857289	0.944080	0.920279
3661855.LOFI	GS	170.0	173.0	0	345	172.27	1	0.932225	0.039509	0	0	0.932225	0.920004	0.892023	0.900267	0.887102	0.882695	0.882737	0.896759	0.893408
3665864.LOFI	GS	140.0	138.73	0	185	92.29	1	0.934318	0.081611	0	1	0.934318	0.876299	0.849374	0.840349	0.839341	0.856039	0.868191	0.848178	0.868600
3674961.LOFI	GS	140.0	140.21	0	188	92.29	1	0.983699	0.079380	1	0	0.983699	0.965308	0.946539	0.930864	0.907399	0.899745	0.901239	0.900976	0.883333
3678548.LOFI	GS	128.0	125.05	0	250	123.05	1	0.969250	0.086821	1	0	0.969250	0.949299	0.921895	0.900702	0.867658	0.844608	0.854101	0.897199	0.818444
3682931.LOFI	GS	140.0	140.15	0	283	143.55	1	0.959544	0.043879	0	1	0.959544	0.927885	0.915957	0.915373	0.903094	0.910611	0.909077	0.947076	0.936872
368533.LOFI	GS	140.0	140.12	0	226	112.35	1	0.961104	0.174500	1	0	0.961104	0.918663	0.882999	0.849209	0.786357	0.768503	0.786851	0.777025	0.778761
3692859.LOFI	GS	126.0	63.43	2	126	63.02	1	0.996776	0.003699	0	0	0.996776	0.996471	0.994389	0.994506	0.993514	0.992639	0.990692	0.989633	0.984909
3696445.LOFI	GS	147.0	147.05	0	294	143.55	1	0.910744	0.111783	0	1	0.910744	0.836649	0.817594	0.822565	0.763597	0.780327	0.753677	0.769186	0.894007
3703893.LOFI	GS	125.0	124.87	0	244	123.05	1	0.959290	0.059084	0	1	0.959290	0.916609	0.890453	0.882387	0.896782	0.903631	0.863249	0.936313	0.918200
3706845.LOFI	GS	70.0	140.17	1	273	143.55	1	0.950984	0.046815	0	1	0.950984	0.926098	0.907386	0.900670	0.895998	0.900954	0.890119	0.909818	0.917892
3711752.LOFI	GS	133.0	104.19	-1	158	89.10	1	0.952933	0.125400	1	0	0.952933	0.925514	0.887191	0.853631	0.817322	0.826057	0.826961	0.813406	0.828103
3721308.LOFI	GS	140.0	140.07	0	184	92.29	1	0.982650	0.034556	0	1	0.982650	0.962497	0.947472	0.937843	0.934294	0.948716	0.958709	0.930143	0.960658
3724279.LOFI	GS	140.0	139.95	0	220	112.35	1	0.934654	0.061704	1	0	0.934654	0.889786	0.864235	0.861609	0.902672	0.872546	0.917674	0.860425	0.873354
3725208.LOFI	GS	172.0	174.09	0	234	117.45	1	0.945307	0.206670	1	0	0.945307	0.879413	0.821859	0.777767	0.734942	0.733499	0.742332	0.724340	0.723515
3730279.LOFI	GS	126.0	125.99	0	216	123.05	1	0.978431	0.050150	0	1	0.978431	0.956518	0.935191	0.921370	0.915849	0.915032	0.917980	0.971980	0.973820
3733281.LOFI	GS	70.0	139.95	1	276	143.55	16	0.971345	0.263814	0	1	0.832483	0.708615	0.668093	0.657452	0.706446	0.957755	0.661076	0.971345	0.943429
3741346.LOFI	GS	126.0	72.82	-1	99	63.02	1	0.985077	0.014701	0	0	0.985077	0.977130	0.975695	0.977215	0.967846	0.972905	0.964670	0.962245	0.948085
3742708.LOFI	GS	148.0	147.67	0	188	99.38	1	0.988671	0.006009	0	1	0.988671	0.983589	0.981874	0.980045	0.980618	0.984477	0.981718	0.983450	0.984861
3743957.LOFI	GS	85.0	170.1	1	326	172.27	1	0.940867	0.043208	0	1	0.940867	0.898492	0.896828	0.894971	0.886744	0.911112	0.884447	0.918080	0.909546
3746398.LOFI	GS	170.0	172.0	0	163	86.13	1	0.955177	0.053169	0	0	0.955177	0.924098	0.905098	0.898918	0.923117	0.931612	0.891876	0.886726	0.886355
3752371.LOFI	GS	140.0	139.3	0	185	92.29	1	0.927810	0.240993	1	0	0.927810	0.837417	0.765640	0.680774	0.599425	0.665423	0.693805	0.600963	0.692859
3754674.LOFI	GS	140.0	140.24	0	270	143.55	1	0.958777	0.027536	0	1	0.958777	0.938050	0.925498	0.930157	0.926060	0.941180	0.920702	0.951970	0.932326
3766995.LOFI	GS	95.0	126.69	-1	190	95.70	16	0.982790	0.016865	0	1	0.965953	0.967653	0.956619	0.961663	0.965898	0.980291	0.959519	0.982790	0.980707
3783220.LOFI	GS	150.0	147.54	0	279	152.00	1	0.987133	0.008129	1	0	0.987133	0.980973	0.979842	0.978771	0.979032	0.979702	0.974190	0.978976	0.975648
3787878.LOFI	GS	132.0	119.74	-1	231	117.45	1	0.984713	0.009741	1	0	0.984713	0.979361	0.978101	0.977288	0.975957	0.973987	0.969543	0.967087	0.958262
3789981.LOFI	GS	80.0	173.12	-1	348	172.27	1	0.944906	0.288152	1	0	0.944906	0.861808	0.787862	0.721302	0.592206	0.510397	0.496400	0.508636	0.750003
3790342.LOFI	GS	175.0	175.17	0	347	172.27	1	0.967836	0.035531	0	1	0.967836	0.941556	0.932563	0.932048	0.913494	0.925136	0.924759	0.957902	0.956003
3792954.LOFI	GS	95.9	127.75	-1	255	129.20	16	0.997874	0.002897	0	1	0.986787	0.994530	0.985558	0.995904	0.993983	0.996884	0.995425	0.997874	0.997024
3801596.LOFI	GS	140.0	66.7	-1	282	143.55	1	0.958709	0.069278	1	0	0.958709	0.929755	0.917187	0.902106	0.874428	0.884157	0.893714	0.885146	0.848824
3807114.LOFI	GS	125.0	123.89	0	322	161.50	1	0.974144	0.012486	0	1	0.974144	0.969030	0.966145	0.961682	0.959290	0.961634	0.944606	0.944253	0.971694
3809763.LOFI	GS	148.0	147.62	0	197	99.38	1	0.951256	0.097293	0	1	0.951256	0.887450	0.850823	0.845397	0.849956	0.855093	0.894606	0.852833	0.903350
3813277.LOFI	GS	110.0	146.57	-1	218	112.35	1	0.944064	0.045582	0	1	0.944064	0.900379	0.898057	0.898907	0.883356	0.889086	0.889293	0.920558	0.917604
3818797.LOFI	GS	132.0	139.06	-1	272	136.00	1	0.973570	0.116866	1	0	0.973570	0.948632	0.919028	0.893244	0.843121	0.805195	0.781568	0.774367	0.870287
3819089.LOFI	GS	173.0	173.65	0	232	117.45	1	0.895493	0.204717	0	0	0.895493	0.770776	0.699421	0.663154	0.645827	0.686616	0.730672	0.597853	0.694936
3824612.LOFI	GS	126.0	189.76	-1	237	117.45	4	0.972039	0.011699	0	0	0.965647	0.962970	0.957381	0.972039	0.959898	0.963423	0.960618	0.960061	0.951354
3828895.LOFI	GS	148.0	147.38	0	201	99.38	1	0.980413	0.021697	1	0	0.980413	0.972105	0.970274	0.964423	0.960952	0.956482	0.941907	0.939753	0.901774
3829043.LOFI	GS	85.0	168.47	1	221	112.35	1	0.892774	0.349384	1	0	0.892774	0.749091	0.625061	0.558623	0.526909	0.512304	0.527350	0.539315	0.547466
3835017.LOFI	GS	175.0	174.97	0	189	99.38	1	0.973218	0.033268	1	0	0.973218	0.959780	0.953011	0.944775	0.940497	0.939402	0.933214	0.924692	0.911477
3853293.LOFI	GS	140.0	140.09	0	188	92.29	1	0.987524	0.047887	1	0	0.987524	0.976662	0.967060	0.959266	0.945165	0.931871	0.923003	0.934108	0.925604
3853477.LOFI	GS	140.0	140.15	0	181	92.29	32	0.937147	0.043936	0	1	0.934899	0.888175	0.880654	0.895361	0.902834	0.871646	0.891062	0.906759	0.937147
3863423.LOFI	GS	140.0	140.22	0	280	143.55	1	0.933194	0.114468	0	1	0.933194	0.863641	0.816797	0.796236	0.791429	0.820655	0.800591	0.898418	0.861493
3863498.LOFI	GS	75.0	148.18	1	191	99.38	1	0.836754	0.179720	0	1	0.836754	0.719421	0.673235	0.641676	0.621452	0.631469	0.672393	0.617878	0.675611
3865706.LOFI	GS	140.0	140.15	0	189	92.29	1	0.913035	0.096272	0	0	0.913035	0.846377	0.828313	0.830388	0.830265	0.781577	0.805214	0.796721	0.716325
3871968.LOFI	GS	172.0	173.17	0	170	86.13	1	0.985401	0.008467	0	0	0.985401	0.981621	0.979499	0.980488	0.974472	0.979398	0.972171	0.970997	0.964584
3873406.LOFI	GS	128.0	119.75	-1	231	117.45	1	0.965200	0.020083	0	0	0.965200	0.947402	0.948650	0.960016	0.934754	0.950232	0.942832	0.942684	0.941628
3873575.LOFI	GS	175.0	174.97	0	174	86.13	1	0.971352	0.018971	1	0	0.971352	0.957184	0.959128	0.961489	0.940972	0.945417	0.947578	0.957932	0.934588
3875632.LOFI	GS	140.0	140.11	0	180	92.29	1	0.872582	0.146172	0	1	0.872582	0.757947	0.709961	0.684845	0.685206	0.742860	0.776686	0.677335	0.791613
3875836.LOFI	GS	172.5	172.95	0	172	86.13	1	0.947660	0.085197	1	0	0.947660	0.916979	0.894590	0.887164	0.860238	0.837761	0.818622	0.864689	0.825215
3877057.LOFI	GS	160.0	160.03	0	210	107.67	1	0.968039	0.047283	1	0	0.968039	0.945224	0.931625	0.922082	0.921444	0.915544	0.904141	0.920068	0.899184
3879813.LOFI	GS	140.0	141.88	0	231	143.55	16	0.996705	0.001564	0	1	0.996309	0.995255	0.995027	0.994832	0.994275	0.995910	0.994416	0.996705	0.996045
3883083.LOFI	GS	126.0	126.05	0	250	123.05	4	0.984471	0.037114	0	0	0.936119	0.913101	0.932927	0.984471	0.912579	0.983180	0.978393	0.976823	0.958594
3883902.LOFI	GS	126.0	126.05	0	250	129.20	8	0.985754	0.008242	0	0	0.984560	0.983476	0.977931	0.985015	0.977093	0.985754	0.976507	0.974141	0.965456
3886051.LOFI	GS	140.0	140.08	0	226	112.35	1	0.977943	0.081486	1	0	0.977943	0.954916	0.933622	0.913015	0.881302	0.879881	0.904760	0.888154	0.878697
3886124.LOFI	GS	87.0	174.54	1	349	172.27	1	0.922144	0.124273	0	1	0.922144	0.845010	0.804089	0.791653	0.763322	0.763379	0.771319	0.894544	0.855617
3889689.LOFI	GS	128.0	175.16	-1	342	172.27	1	0.975098	0.099426	1	0	0.975098	0.956225	0.941339	0.923798	0.889903	0.861441	0.810575	0.803853	0.783968
3892740.LOFI	GS	128.0	127.98	0	257	129.20	1	0.975519	0.026961	0	1	0.975519	0.956333	0.947944	0.943980	0.949171	0.962918	0.934687	0.958870	0.943686
3902915.LOFI	GS	128.0	177.29	-1	229	117.45	1	0.984900	0.011299	0	0	0.984900	0.983159	0.976634	0.978194	0.974408	0.971215	0.972794	0.972763	0.969094
3907042.LOFI	GS	170.0	169.44	0	171	86.13	1	0.977630	0.021298	0	1	0.977630	0.965822	0.956671	0.955991	0.950386	0.959705	0.944241	0.954912	0.961894
3914630.LOFI	GS	172.0	173.65	0	343	172.27	16	0.968864	0.133624	0	1	0.936527	0.867679	0.841164	0.829317	0.747007	0.729284	0.826172	0.968864	0.959230
3920460.LOFI	GS	180.0	135.34	-1	178	89.10	8	0.972670	0.021084	0	1	0.965201	0.949510	0.951531	0.958897	0.946157	0.972670	0.951640	0.966489	0.948233
3928924.LOFI	GS	126.0	128.9	0	259	129.20	16	0.995407	0.016910	0	1	0.970647	0.965259	0.969434	0.987033	0.964923	0.991906	0.986347	0.995407	0.993440
3942754.LOFI	GS	148.0	147.84	0	196	99.38	1	0.980058	0.019796	1	0	0.980058	0.972599	0.969660	0.965511	0.963225	0.957299	0.947408	0.946990	0.931248
3958395.LOFI	GS	135.0	135.03	0	112	68.00	4	0.992794	0.041946	0	0	0.915187	0.928193	0.915899	0.992794	0.927296	0.988826	0.983343	0.978512	0.973502
3961040.LOFI	GS	126.0	125.99	0	253	123.05	2	0.991968	0.005283	0	0	0.990900	0.991968	0.987177	0.988534	0.986907	0.986462	0.982716	0.980877	0.972160
3961797.LOFI	GS	124.0	123.99	0	326	161.50	1	0.996282	0.005394	1	0	0.996282	0.994143	0.993415	0.991458	0.990318	0.991556	0.987587	0.988016	0.980469
3962200.LOFI	GS	120.0	120.0	0	191	95.70	3	0.993820	0.007134	1	1	0.986633	0.984789	0.993820	0.986411	0.991196	0.982520	0.986739	0.990685	0.989736
3964688.LOFI	GS	124.0	138.32	-1	131	112.35	4	0.997113	0.045608	0	0	0.915601	0.902472	0.915289	0.997113	0.902150	0.996076	0.994891	0.993739	0.987410
3970827.LOFI	GS	180.0	173.38	0	338	172.27	1	0.970226	0.026597	1	0	0.970226	0.950575	0.952047	0.959897	0.934112	0.951696	0.936427	0.936684	0.911580
3980001.LOFI	GS	53.0	166.03	-1	131	83.35	1	0.888559	0.120547	0	1	0.888559	0.778765	0.740591	0.731498	0.757259	0.863952	0.711638	0.874162	0.812022
3981797.LOFI	GS	128.0	126.98	0	254	129.20	4	0.989296	0.009759	0	0	0.984017	0.981547	0.980313	0.989296	0.978571	0.983300	0.978762	0.973530	0.958280
3983645.LOFI	GS	110.0	146.7	-1	291	143.55	1	0.969063	0.043891	1	0	0.969063	0.950777	0.943746	0.934488	0.928340	0.912576	0.906902	0.922004	0.903116
3983646.LOFI	GS	140.0	139.84	0	188	92.29	1	0.963616	0.037278	1	0	0.963616	0.942076	0.937330	0.926867	0.921193	0.915586	0.931246	0.917368	0.925809
400259.LOFI	GS	173.0	173.41	0	174	86.13	1	0.973943	0.032869	0	0	0.973943	0.955099	0.949447	0.956305	0.937636	0.944512	0.930391	0.923728	0.895971
4004314.LOFI	GS	80.0	64.02	-1	198	103.36	1	0.973087	0.033293	1	0	0.973087	0.951093	0.943753	0.941290	0.940847	0.936487	0.938740	0.927441	0.925890
4004668.LOFI	GS	128.0	170.51	-1	347	172.27	1	0.969927	0.121600	1	0	0.969927	0.945560	0.923976	0.906128	0.865603	0.831051	0.806159	0.779335	0.764458
4005630.LOFI	GS	150.0	100.07	-1	197	99.38	1	0.937340	0.075997	0	1	0.937340	0.872044	0.848748	0.857694	0.861770	0.844522	0.874725	0.860915	0.903854
4006551.LOFI	GS	144.0	144.03	0	287	143.55	1	0.943925	0.074682	0	1	0.943925	0.883559	0.850024	0.844740	0.863696	0.929571	0.831105	0.911896	0.874790
4012083.LOFI	GS	167.0	166.68	0	223	112.35	1	0.984659	0.018420	1	0	0.984659	0.975985	0.972636	0.969537	0.971489	0.962939	0.958731	0.960301	0.951443
4014747.LOFI	GS	125.0	120.03	0	239	117.45	16	0.992720	0.001551	0	1	0.988136	0.990861	0.986213	0.992254	0.990473	0.992503	0.991751	0.992720	0.991476
4014749.LOFI	GS	125.0	120.72	0	241	117.45	16	0.989427	0.007541	0	1	0.985541	0.980090	0.978309	0.981719	0.979312	0.986666	0.982052	0.989427	0.988513
4017608.LOFI	GS	101.0	200.0	1	172	103.36	16	0.989601	0.012078	0	1	0.977571	0.973752	0.971174	0.978458	0.974485	0.983900	0.977475	0.989601	0.988696
4017611.LOFI	GS	73.0	146.37	1	219	107.67	6	0.969722	0.026147	1	0	0.964172	0.945731	0.944376	0.942774	0.969722	0.937246	0.966209	0.936626	0.922060
4017781.LOFI	GS	126.0	126.0	0	252	123.05	1	0.976014	0.063513	1	0	0.976014	0.960043	0.943695	0.934467	0.918197	0.906806	0.890466	0.884605	0.885474
4017892.LOFI	GS	124.0	124.05	0	248	123.05	8	0.988194	0.013906	0	1	0.977571	0.962426	0.971005	0.985837	0.957308	0.988194	0.978451	0.979436	0.963617
4017909.LOFI	GS	112.0	112.02	0	198	112.35	1	0.983339	0.034914	1	0	0.983339	0.966983	0.958035	0.957281	0.949647	0.947205	0.941302	0.936064	0.909478
4018082.LOFI	GS	122.0	122.07	0	242	123.05	8	0.983249	0.036891	0	1	0.954173	0.944274	0.941913	0.948442	0.942569	0.983249	0.942180	0.974371	0.959995
4018083.LOFI	GS	123.0	122.55	0	230	123.05	1	0.990135	0.012284	1	0	0.990135	0.987067	0.984895	0.984052	0.979063	0.976640	0.968253	0.966326	0.939927
4018084.LOFI	GS	122.0	121.96	0	244	123.05	4	0.987285	0.014599	0	0	0.974865	0.971049	0.969720	0.987285	0.967463	0.980651	0.975568	0.973388	0.971985
4018085.LOFI	GS	122.0	122.03	0	246	123.05	1	0.984169	0.013210	1	0	0.984169	0.976335	0.976989	0.979632	0.966346	0.975572	0.962039	0.962280	0.924602
4018247.LOFI	GS	95.0	63.36	-1	190	95.70	8	0.992972	0.052342	0	1	0.899410	0.898289	0.897311	0.986544	0.897739	0.992972	0.983334	0.990436	0.981849
4020698.LOFI	GS	140.0	140.15	0	280	143.55	8	0.952113	0.012213	0	1	0.948589	0.940798	0.935266	0.939003	0.933179	0.952113	0.923875	0.951499	0.952108
4029289.LOFI	GS	87.5	175.12	1	347	172.27	1	0.948490	0.024765	0	1	0.948490	0.919930	0.919090	0.927520	0.909649	0.937003	0.912556	0.936212	0.935953
4029970.LOFI	GS	143.55	142.43	0	132	71.78	2	0.965355	0.028874	1	0	0.939134	0.965355	0.917246	0.951791	0.951593	0.949627	0.933827	0.933004	0.928750
4031300.LOFI	GS	123.0	126.01	0	246	123.05	8	0.991023	0.016920	0	1	0.965938	0.963355	0.960772	0.982269	0.963987	0.991023	0.982459	0.990724	0.987979
4032006.LOFI	GS	145.0	127.99	-1	209	103.36	1	0.996071	0.011251	1	0	0.996071	0.992369	0.989889	0.987816	0.985975	0.983664	0.979357	0.976544	0.964734
4033240.LOFI	GS	145.0	70.0	2	138	69.84	8	0.968588	0.045403	0	1	0.952755	0.925291	0.922820	0.921793	0.918633	0.968588	0.910343	0.953153	0.923550
4035020.LOFI	GS	123.0	122.97	0	246	123.05	4	0.994111	0.002753	0	1	0.991659	0.990776	0.991679	0.994111	0.990714	0.992507	0.991056	0.992875	0.986954
4038987.LOFI	GS	140.0	140.04	0	195	143.55	1	0.990196	0.021967	1	0	0.990196	0.984620	0.981685	0.980348	0.970692	0.965765	0.949860	0.933683	0.870566
4043892.LOFI	GS	175.0	185.11	-1	364	184.57	1	0.986979	0.032527	1	0	0.986979	0.975443	0.971857	0.969397	0.956179	0.952727	0.940016	0.936887	0.928224
4044590.LOFI	GS	100.0	100.0	0	150	99.38	1	0.969697	0.052653	0	1	0.969697	0.945588	0.928462	0.920734	0.899511	0.892453	0.899332	0.942906	0.913354
4044591.LOFI	GS	158.0	120.27	-1	310	161.50	4	0.969709	0.022367	0	0	0.956431	0.928153	0.943902	0.969709	0.919769	0.960564	0.951690	0.950782	0.931239
4045981.LOFI	GS	127.0	126.01	0	197	99.38	6	0.987787	0.016733	1	0	0.972309	0.968111	0.977684	0.970490	0.987787	0.966033	0.977550	0.971619	0.965997
4047428.LOFI	GS	128.0	125.98	0	166	83.35	1	0.989559	0.012572	1	0	0.989559	0.986468	0.984198	0.980927	0.978564	0.975409	0.966447	0.961122	0.935678
4067151.LOFI	GS	140.0	69.96	2	139	69.84	16	0.980568	0.117566	0	1	0.961075	0.917161	0.879988	0.845950	0.833497	0.831235	0.846015	0.980568	0.973474
4071447.LOFI	GS	140.0	140.13	0	283	143.55	1	0.936551	0.194716	0	1	0.936551	0.868371	0.813583	0.775936	0.707735	0.678577	0.633902	0.613096	0.904240
4072499.LOFI	GS	174.0	173.98	0	166	86.13	16	0.959557	0.112946	0	1	0.900354	0.846186	0.845164	0.847035	0.843231	0.956825	0.843728	0.959557	0.924348
4077896.LOFI	GS	136.0	135.95	0	274	136.00	1	0.991466	0.007668	1	0	0.991466	0.988184	0.986933	0.985237	0.982358	0.979255	0.981016	0.985427	0.979711
4086561.LOFI	GS	174.0	173.92	0	214	117.45	1	0.962875	0.038879	1	0	0.962875	0.943565	0.933140	0.927705	0.930198	0.920288	0.911307	0.910940	0.907136
4091609.LOFI	GS	80.0	159.67	1	319	161.50	1	0.956426	0.051815	1	0	0.956426	0.930250	0.935627	0.942819	0.898367	0.910854	0.886641	0.877577	0.851697
4093057.LOFI	GS	65.0	129.34	1	251	129.20	32	0.987968	0.001605	0	1	0.985206	0.976178	0.980810	0.987786	0.974333	0.987518	0.987614	0.987522	0.987968
4093135.LOFI	GS	140.0	140.0	0	225	112.35	1	0.984120	0.107254	1	0	0.984120	0.964406	0.944581	0.923918	0.886289	0.864832	0.847991	0.838960	0.867443
4093555.LOFI	GS	92.0	73.57	-1	243	123.05	1	0.961352	0.043743	1	0	0.961352	0.943898	0.938929	0.924264	0.918277	0.916941	0.913329	0.912927	0.908845
4101363.LOFI	GS	140.0	140.01	0	225	112.35	1	0.984009	0.104168	1	0	0.984009	0.962170	0.941710	0.921532	0.887863	0.871818	0.854706	0.846847	0.826934
4101447.LOFI	GS	140.0	140.43	0	274	143.55	1	0.974651	0.058873	1	0	0.974651	0.958988	0.945394	0.935447	0.922908	0.908649	0.899109	0.900978	0.877889
4106593.LOFI	GS	140.0	140.13	0	271	143.55	1	0.946404	0.162083	0	1	0.946404	0.879793	0.816822	0.751820	0.627048	0.546354	0.687701	0.851658	0.858856
4107957.LOFI	GS	93.0	61.92	-1	366	184.57	1	0.944533	0.010159	0	1	0.944533	0.939311	0.930548	0.931115	0.936186	0.943643	0.928402	0.944125	0.932561
4117487.LOFI	GS	127.0	125.94	0	169	99.38	1	0.988728	0.015505	1	0	0.988728	0.981829	0.978433	0.975972	0.976491	0.970475	0.969438	0.964211	0.967421
4120277.LOFI	GS	128.0	159.7	-1	340	172.27	1	0.959630	0.081147	1	0	0.959630	0.931714	0.913586	0.902553	0.893082	0.863884	0.838322	0.824091	0.848509
4122833.LOFI	GS	140.0	140.12	0	226	112.35	1	0.933215	0.135362	0	0	0.933215	0.860866	0.817974	0.795786	0.795941	0.792534	0.909174	0.799766	0.788208
4136911.LOFI	GS	76.0	152.1	1	246	152.00	16	0.973533	0.136507	0	1	0.911984	0.837160	0.824003	0.836890	0.835098	0.942144	0.833796	0.973533	0.967906
4140514.LOFI	GS	147.0	148.04	0	197	99.38	1	0.994382	0.003183	1	0	0.994382	0.992968	0.992530	0.991715	0.991057	0.990964	0.989816	0.990871	0.991342
4140702.LOFI	GS	175.0	175.02	0	237	117.45	1	0.978856	0.041006	1	0	0.978856	0.957025	0.946397	0.939825	0.935078	0.935875	0.944895	0.912429	0.883562
4145229.LOFI	GS	140.0	139.88	0	174	92.29	1	0.979313	0.095874	1	0	0.979313	0.955105	0.935912	0.919399	0.893318	0.873562	0.839980	0.831820	0.847682
4149743.LOFI	GS	87.5	174.98	1	175	86.13	1	0.945156	0.029100	0	1	0.945156	0.919376	0.903905	0.904804	0.912736	0.939348	0.899060	0.939218	0.926923
4149811.LOFI	GS	140.0	139.77	0	186	92.29	1	0.886568	0.131115	0	1	0.886568	0.760035	0.705219	0.712642	0.753488	0.716280	0.782666	0.757418	0.825458
4151958.LOFI	GS	140.0	140.11	0	121	143.55	32	0.996109	0.002460	0	1	0.995104	0.993772	0.993871	0.993526	0.992939	0.992943	0.993129	0.994603	0.996109
4152109.LOFI	GS	124.0	128.15	0	258	129.20	4	0.981757	0.008326	0	1	0.976315	0.966357	0.971798	0.981757	0.962297	0.979545	0.975065	0.979462	0.968476
4153394.LOFI	GS	80.0	165.34	1	143	80.75	32	0.992124	0.009806	0	1	0.983806	0.980830	0.980735	0.985330	0.978926	0.978259	0.984252	0.991988	0.992124
4157075.LOFI	GS	140.0	139.99	0	225	112.35	1	0.984090	0.073274	1	0	0.984090	0.967253	0.953782	0.939472	0.919310	0.902322	0.884920	0.886848	0.889711
4161667.LOFI	GS	105.0	104.74	0	140	103.36	1	0.949973	0.060561	0	1	0.949973	0.915684	0.884365	0.862719	0.868772	0.894459	0.868298	0.947528	0.908582
4162259.LOFI	GS	133.0	133.01	0	206	136.00	1	0.987849	0.019562	1	0	0.987849	0.981852	0.977448	0.974214	0.969332	0.967242	0.961583	0.958559	0.944583
4162274.LOFI	GS	120.0	119.95	0	239	117.45	1	0.937566	0.043720	0	1	0.937566	0.891839	0.889906	0.895052	0.882405	0.910288	0.892639	0.912572	0.932564
4162405.LOFI	GS	128.0	127.97	0	229	129.20	8	0.952820	0.038385	0	1	0.951948	0.915313	0.913556	0.920907	0.901357	0.952820	0.898687	0.921029	0.892739
4162511.LOFI	GS	124.0	124.01	0	246	123.05	16	0.985701	0.006240	0	1	0.984579	0.981962	0.977320	0.979792	0.978750	0.980711	0.975516	0.985701	0.979130
4163571.LOFI	GS	160.0	159.99	0	160	80.75	1	0.990144	0.010707	0	1	0.990144	0.987743	0.981529	0.980966	0.977908	0.974997	0.975902	0.977225	0.984648
4163572.LOFI	GS	150.0	150.04	0	113	76.00	1	0.971472	0.085459	1	0	0.971472	0.954494	0.925718	0.905213	0.856378	0.818068	0.866813	0.923580	0.842251
4163586.LOFI	GS	140.0	140.11	0	193	112.35	12	0.981588	0.006191	1	0	0.978722	0.974536	0.978111	0.975385	0.980730	0.972533	0.981588	0.975408	0.971731
4163587.LOFI	GS	126.0	125.95	0	246	123.05	32	0.944648	0.052363	0	1	0.926197	0.896176	0.888408	0.887924	0.885618	0.896162	0.875161	0.900956	0.944648
4163588.LOFI	GS	90.0	180.03	1	177	89.10	8	0.985518	0.016935	0	1	0.965298	0.950678	0.961643	0.984834	0.948734	0.985518	0.979633	0.984404	0.971868
4166222.LOFI	GS	122.0	122.0	0	244	123.05	1	0.971655	0.047623	0	1	0.971655	0.953665	0.930854	0.917210	0.898189	0.889296	0.908372	0.968984	0.951601
4166612.LOFI	GS	124.0	123.99	0	227	123.05	4	0.994954	0.003305	0	0	0.993149	0.991522	0.991705	0.994954	0.990727	0.994344	0.992798	0.991594	0.986371
4172572.LOFI	GS	87.0	174.25	1	234	117.45	1	0.913136	0.146936	1	0	0.913136	0.841725	0.798611	0.754032	0.731958	0.751947	0.762683	0.769718	0.784680
4186191.LOFI	GS	126.0	62.97	2	104	63.02	1	0.994367	0.015507	1	0	0.994367	0.991584	0.987879	0.985772	0.982414	0.975305	0.963772	0.953040	0.929399
4191591.LOFI	GS	138.0	139.73	0	220	143.55	1	0.994856	0.013366	1	0	0.994856	0.990947	0.988759	0.986698	0.982587	0.980393	0.975335	0.974884	0.970537
4192452.LOFI	GS	174.0	174.02	0	238	117.45	1	0.948808	0.032881	1	0	0.948808	0.938582	0.941804	0.920421	0.935391	0.911433	0.899930	0.900874	0.883890
4193623.LOFI	GS	92.0	129.81	-1	225	129.20	1	0.969071	0.115593	1	0	0.969071	0.941386	0.903668	0.877075	0.829881	0.796325	0.799128	0.814650	0.899361
4207348.LOFI	GS	128.0	125.99	0	168	83.35	3	0.987930	0.004156	1	0	0.984768	0.984508	0.987930	0.982211	0.986048	0.986913	0.977338	0.983040	0.961730
4214761.LOFI	GS	123.0	122.93	0	247	123.05	1	0.987332	0.031305	1	0	0.987332	0.977076	0.970804	0.965895	0.955716	0.956336	0.933732	0.922053	0.848127
4216184.LOFI	GS	140.0	140.15	0	227	112.35	1	0.980138	0.073262	0	0	0.980138	0.951137	0.921903	0.899607	0.875649	0.882980	0.966753	0.914145	0.878682
4218466.LOFI	GS	115.0	174.93	-1	237	117.45	1	0.941883	0.077006	0	1	0.941883	0.888802	0.864326	0.854277	0.853312	0.865428	0.918439	0.844799	0.899410
4226166.LOFI	GS	178.0	178.28	0	178	89.10	16	0.921984	0.107098	0	1	0.917928	0.823881	0.786998	0.788750	0.805890	0.913392	0.787046	0.921984	0.866956
4226227.LOFI	GS	140.0	137.43	0	183	92.29	1	0.961067	0.061672	1	0	0.961067	0.933810	0.915552	0.909185	0.902218	0.892601	0.887254	0.896573	0.880430
4226434.LOFI	GS	140.0	140.34	0	136	69.84	1	0.941315	0.025751	0	1	0.941315	0.916051	0.907850	0.914217	0.918721	0.918893	0.910243	0.929477	0.915078
4231951.LOFI	GS	140.0	140.1	0	270	143.55	2	0.931302	0.078270	0	0	0.929917	0.931302	0.888090	0.896059	0.853528	0.822766	0.797206	0.790350	0.852535
4233696.LOFI	GS	120.0	150.42	-1	321	161.50	1	0.969928	0.048228	1	0	0.969928	0.951682	0.943881	0.935844	0.928478	0.914922	0.900077	0.884183	0.884002
4235798.LOFI	GS	140.0	140.17	0	185	92.29	1	0.959084	0.251906	1	0	0.959084	0.896729	0.836086	0.776733	0.691497	0.671199	0.663742	0.722859	0.647768
4237913.LOFI	GS	125.0	156.65	-1	315	161.50	1	0.965660	0.091071	1	0	0.965660	0.929240	0.905499	0.890932	0.872352	0.860280	0.851796	0.876826	0.850810
4264210.LOFI	GS	82.0	123.08	-1	148	161.50	1	0.990381	0.004071	1	0	0.990381	0.986493	0.988072	0.986379	0.986142	0.986241	0.988497	0.984923	0.985305
4264359.LOFI	GS	85.0	169.44	1	217	112.35	16	0.966707	0.048526	1	1	0.941106	0.912023	0.904529	0.913688	0.944822	0.903509	0.922673	0.966707	0.965986
4265125.LOFI	GS	175.0	175.47	0	174	86.13	1	0.959550	0.026648	1	0	0.959550	0.939070	0.940308	0.955730	0.918038	0.935014	0.930792	0.925102	0.881049
426992.LOFI	GS	83.5	167.18	1	168	83.35	8	0.993664	0.042494	0	1	0.941235	0.915464	0.926542	0.963466	0.913555	0.993664	0.961104	0.990782	0.985625
4275052.LOFI	GS	126.4	126.04	0	249	123.05	1	0.962321	0.092538	0	1	0.962321	0.918620	0.882604	0.856963	0.831776	0.824311	0.836696	0.925457	0.885951
4279669.LOFI	GS	82.0	163.78	1	284	161.50	1	0.958219	0.094961	1	0	0.958219	0.927511	0.903723	0.885313	0.852749	0.830861	0.837924	0.848932	0.873766
4283622.LOFI	GS	128.0	126.73	0	259	129.20	1	0.979483	0.069781	1	0	0.979483	0.958594	0.943840	0.932931	0.912539	0.900402	0.891363	0.893596	0.906865
4283854.LOFI	GS	175.0	174.94	0	260	129.20	1	0.958943	0.095750	1	0	0.958943	0.921502	0.903958	0.879195	0.853266	0.842581	0.867250	0.846304	0.859137
4284345.LOFI	GS	140.0	139.64	0	265	143.55	1	0.989368	0.024225	1	0	0.989368	0.982058	0.976490	0.970308	0.960617	0.952431	0.956515	0.966411	0.963876
4288893.LOFI	GS	170.0	169.74	0	219	112.35	1	0.907230	0.090507	1	0	0.907230	0.823021	0.810425	0.864670	0.892614	0.785978	0.797203	0.852634	0.713510
4297277.LOFI	GS	140.0	140.16	0	283	143.55	16	0.973803	0.221752	0	1	0.951949	0.868364	0.785482	0.718620	0.660355	0.647211	0.711434	0.973803	0.969900
4300617.LOFI	GS	128.0	128.38	0	257	129.20	1	0.985680	0.031404	0	1	0.985680	0.968918	0.957930	0.950623	0.935943	0.932125	0.941304	0.984420	0.977779
4300619.LOFI	GS	132.0	131.88	0	260	129.20	1	0.956210	0.054121	1	0	0.956210	0.928950	0.929119	0.938695	0.893226	0.910952	0.871252	0.847264	0.862650
4301518.LOFI	GS	173.0	173.96	0	236	117.45	1	0.909710	0.145652	0	1	0.909710	0.800964	0.750882	0.745382	0.761211	0.755582	0.858764	0.766906	0.879478
4304445.LOFI	GS	190.0	178.65	-1	179	89.10	1	0.992911	0.017638	1	0	0.992911	0.986096	0.981843	0.978529	0.975479	0.975067	0.966493	0.964832	0.947015
4313859.LOFI	GS	87.0	173.94	1	349	172.27	16	0.961127	0.191696	0	1	0.943413	0.872940	0.796712	0.742151	0.713404	0.718776	0.739851	0.961127	0.923943
4315749.LOFI	GS	130.0	129.8	0	259	129.20	1	0.969497	0.044090	1	0	0.969497	0.949558	0.944324	0.941402	0.924601	0.920368	0.918314	0.926214	0.893499
4323506.LOFI	GS	140.0	140.15	0	226	112.35	1	0.971993	0.129915	1	0	0.971993	0.946417	0.924757	0.901101	0.854650	0.822775	0.765978	0.786815	0.829506
4325441.LOFI	GS	128.0	170.67	-1	318	172.27	1	0.975859	0.057985	1	0	0.975859	0.952294	0.937705	0.928060	0.918269	0.917479	0.908922	0.899475	0.863410
4331667.LOFI	GS	170.0	174.05	0	174	86.13	8	0.926003	0.111866	0	1	0.901905	0.821107	0.761966	0.742233	0.807166	0.926003	0.738707	0.892945	0.920123
4332592.LOFI	GS	133.7	176.01	-1	326	172.27	1	0.990812	0.045700	1	0	0.990812	0.979826	0.973496	0.967911	0.950310	0.939913	0.916120	0.898624	0.817034
4346730.LOFI	GS	173.0	173.66	0	234	117.45	1	0.977529	0.026844	1	0	0.977529	0.965738	0.959724	0.949117	0.947493	0.953483	0.952253	0.941828	0.947974
4353566.LOFI	GS	126.0	120.01	-1	240	117.45	1	0.989827	0.004168	0	0	0.989827	0.986689	0.986326	0.986615	0.985695	0.985623	0.985392	0.985275	0.983432
4358231.LOFI	GS	132.0	133.84	0	208	107.67	8	0.987419	0.002778	1	0	0.986336	0.984343	0.987280	0.986053	0.984222	0.987419	0.984939	0.982459	0.980907
4360483.LOFI	GS	174.0	173.09	0	233	117.45	1	0.922737	0.123910	0	1	0.922737	0.842450	0.802523	0.793226	0.794108	0.795132	0.847491	0.784556	0.844858
4360488.LOFI	GS	174.0	174.09	0	175	86.13	16	0.946503	0.058627	0	1	0.945914	0.895538	0.886873	0.888582	0.849582	0.870359	0.887170	0.946503	0.925320
4365752.LOFI	GS	87.0	175.23	1	349	172.27	1	0.955905	0.061013	0	1	0.955905	0.905803	0.886126	0.879812	0.880747	0.921177	0.866977	0.937063	0.903659
4366506.LOFI	GS	99.0	123.85	-1	252	129.20	1	0.978814	0.028517	1	0	0.978814	0.965309	0.960187	0.960182	0.954862	0.945732	0.940693	0.931461	0.892482
4372309.LOFI	GS	125.0	124.03	0	248	123.05	8	0.996567	0.009964	0	1	0.977390	0.963269	0.975727	0.996464	0.963339	0.996567	0.996266	0.996406	0.995815
4377106.LOFI	GS	129.0	139.92	-1	282	143.55	1	0.965042	0.058512	0	1	0.965042	0.937340	0.913597	0.899461	0.882860	0.874007	0.891869	0.946810	0.932809
4381717.LOFI	GS	140.0	175.14	-1	183	92.29	1	0.908219	0.068125	1	1	0.908219	0.805130	0.781114	0.833552	0.867810	0.788657	0.846637	0.866097	0.859646
4386702.LOFI	GS	126.0	126.2	0	168	83.35	1	0.991953	0.032909	1	0	0.991953	0.983432	0.977718	0.972889	0.962284	0.955804	0.944149	0.930315	0.912183
4397324.LOFI	GS	174.0	173.99	0	236	117.45	1	0.958925	0.037047	1	0	0.958925	0.942024	0.941443	0.927879	0.924556	0.919201	0.907664	0.912358	0.894626
4397469.LOFI	GS	175.0	174.99	0	176	86.13	16	0.939182	0.085622	0	1	0.936841	0.876128	0.831164	0.807848	0.826592	0.875955	0.798422	0.939182	0.929092
4398117.LOFI	GS	178.0	178.03	0	178	89.10	16	0.913513	0.067335	0	1	0.840870	0.745936	0.778505	0.867853	0.728861	0.883680	0.851486	0.913513	0.857499
4399289.LOFI	GS	175.0	175.0	0	235	117.45	1	0.907426	0.203803	1	0	0.907426	0.814028	0.756260	0.714547	0.687667	0.692700	0.722855	0.679960	0.689500
4403315.LOFI	GS	140.0	139.82	0	282	143.55	1	0.997747	0.006787	1	0	0.997747	0.996310	0.995154	0.994362	0.991576	0.990343	0.987492	0.985035	0.979039
4403519.LOFI	GS	126.0	126.1	0	345	172.27	1	0.966727	0.137225	1	0	0.966727	0.931170	0.903208	0.877422	0.835851	0.815157	0.819195	0.823153	0.799089
4404346.LOFI	GS	190.0	189.82	0	166	95.70	1	0.987900	0.009750	0	1	0.987900	0.982661	0.980885	0.980182	0.976119	0.975391	0.973991	0.983253	0.971549
4407745.LOFI	GS	126.0	125.98	0	250	123.05	4	0.989266	0.037047	0	0	0.929932	0.878270	0.926439	0.989266	0.875245	0.985768	0.981556	0.980213	0.974507
4409752.LOFI	GS	174.0	174.03	0	237	117.45	1	0.958466	0.045243	1	0	0.958466	0.925063	0.913839	0.912959	0.923046	0.902360	0.913485	0.911248	0.906782
4411925.LOFI	GS	175.0	174.93	0	234	117.45	1	0.947334	0.109953	1	0	0.947334	0.903349	0.880673	0.864174	0.842681	0.827590	0.830902	0.825122	0.832081
4416336.LOFI	GS	185.0	185.28	0	188	92.29	1	0.968014	0.059088	0	1	0.968014	0.921999	0.884677	0.867508	0.905039	0.952308	0.844761	0.931614	0.912812
4416506.LOFI	GS	125.0	117.81	-1	74	123.05	4	0.934370	0.081480	1	0	0.919989	0.867841	0.895520	0.934370	0.815469	0.884984	0.837940	0.808223	0.676004
4416888.LOFI	GS	89.0	178.05	1	230	117.45	3	0.972260	0.016598	1	0	0.966774	0.967423	0.972260	0.953584	0.957739	0.962349	0.941515	0.942746	0.908885
4416962.LOFI	GS	132.0	132.78	0	171	89.10	1	0.978612	0.083632	1	0	0.978612	0.959498	0.936872	0.916412	0.891910	0.879216	0.870698	0.898050	0.861683
4418582.LOFI	GS	172.0	129.26	-1	344	172.27	1	0.920105	0.349111	0	1	0.920105	0.786106	0.683621	0.615988	0.518961	0.503669	0.525999	0.508508	0.767779
4419049.LOFI	GS	140.0	140.13	0	186	92.29	8	0.999236	0.004731	1	1	0.992263	0.994546	0.997720	0.991618	0.994463	0.999236	0.991068	0.998577	0.996483
4420924.LOFI	GS	140.0	138.93	0	227	184.57	1	0.926927	0.203874	1	0	0.926927	0.867609	0.789253	0.726962	0.677874	0.711839	0.718861	0.729197	0.719146
4426890.LOFI	GS	105.0	105.99	0	196	107.67	8	0.978874	0.013944	0	1	0.967249	0.963065	0.962563	0.974106	0.958583	0.978874	0.966796	0.974300	0.958591
4427618.LOFI	GS	122.0	121.98	0	245	123.05	1	0.969068	0.054213	0	1	0.969068	0.946834	0.921425	0.908285	0.889787	0.880357	0.898460	0.964422	0.952375
4442121.LOFI	GS	126.0	126.0	0	252	123.05	1	0.963120	0.085609	0	1	0.963120	0.925980	0.893474	0.865091	0.834698	0.821644	0.820665	0.889929	0.925686
4446908.LOFI	GS	170.0	169.1	0	227	112.35	1	0.984743	0.016595	0	0	0.984743	0.972552	0.967419	0.967948	0.968348	0.965731	0.971572	0.963936	0.968960
4457771.LOFI	GS	140.0	140.05	0	184	92.29	1	0.964375	0.261035	1	0	0.964375	0.907771	0.844853	0.784133	0.706329	0.695763	0.700350	0.681876	0.674807
4459005.LOFI	GS	172.0	173.65	0	171	86.13	4	0.971379	0.029456	0	0	0.947203	0.934568	0.938197	0.971379	0.925025	0.969852	0.950437	0.945649	0.897606
4459187.LOFI	GS	130.0	127.89	0	255	129.20	1	0.947109	0.059545	0	1	0.947109	0.910887	0.895627	0.889827	0.874356	0.874356	0.873672	0.903304	0.885301
4460536.LOFI	GS	140.0	140.15	0	278	143.55	1	0.946533	0.068675	0	1	0.946533	0.904307	0.881514	0.874202	0.863528	0.853043	0.870663	0.940751	0.899156
4468729.LOFI	GS	80.0	106.64	-1	321	161.50	1	0.968277	0.048603	0	1	0.968277	0.949012	0.942553	0.930392	0.908956	0.908155	0.891699	0.891056	0.948211
4469489.LOFI	GS	173.0	173.24	0	343	172.27	16	0.936880	0.111930	0	1	0.933363	0.880627	0.834066	0.815834	0.802170	0.813339	0.802215	0.936880	0.926912
4469780.LOFI	GS	147.0	147.65	0	278	152.00	1	0.996493	0.002189	0	0	0.996493	0.995611	0.994514	0.994759	0.994461	0.994149	0.993936	0.993851	0.994034
4471292.LOFI	GS	175.0	175.0	0	234	117.45	1	0.958258	0.074923	0	0	0.958258	0.917261	0.889074	0.873877	0.870123	0.882255	0.901958	0.862155	0.884414
4471702.LOFI	GS	87.5	175.06	1	236	117.45	1	0.947876	0.040702	0	0	0.947876	0.910586	0.907886	0.906461	0.901689	0.909816	0.914275	0.892662	0.900864
4473065.LOFI	GS	124.0	119.98	0	237	117.45	16	0.962745	0.053072	0	1	0.948658	0.926055	0.911032	0.902626	0.892601	0.908314	0.903912	0.962745	0.958835
4474027.LOFI	GS	174.0	174.08	0	174	86.13	1	0.974292	0.026944	0	0	0.974292	0.963888	0.960574	0.965402	0.945317	0.949379	0.930831	0.921444	0.907667
4474029.LOFI	GS	174.0	130.71	-1	234	117.45	1	0.981505	0.016365	1	0	0.981505	0.973485	0.971055	0.967744	0.964945	0.965334	0.961661	0.957860	0.954505
4475855.LOFI	GS	140.0	140.06	0	133	69.84	4	0.877762	0.046020	0	1	0.870255	0.828289	0.844997	0.877762	0.813163	0.816583	0.835196	0.868955	0.771511
4480118.LOFI	GS	128.0	126.28	0	248	123.05	1	0.835118	0.073184	0	1	0.835118	0.757479	0.762513	0.775651	0.705891	0.729890	0.761356	0.795118	0.776097
4480454.LOFI	GS	86.0	169.1	1	226	112.35	1	0.952360	0.022314	1	0	0.952360	0.939539	0.943578	0.921561	0.933127	0.937127	0.909408	0.926964	0.917771
4483708.LOFI	GS	140.0	140.15	0	140	92.29	1	0.876054	0.136602	0	0	0.876054	0.775335	0.733169	0.698539	0.700992	0.745735	0.773312	0.698763	0.773216
4486124.LOFI	GS	175.0	175.0	0	235	117.45	1	0.944901	0.080283	1	0	0.944901	0.893768	0.865889	0.863347	0.870917	0.842374	0.867602	0.849589	0.842957
4486412.LOFI	GS	140.0	140.15	0	140	69.84	1	0.958936	0.050812	0	1	0.958936	0.933904	0.911445	0.904803	0.901109	0.912068	0.883126	0.921615	0.898626
4489017.LOFI	GS	174.0	129.94	-1	233	117.45	1	0.965901	0.090564	1	0	0.965901	0.937111	0.912180	0.894831	0.878907	0.871768	0.868448	0.814263	0.833789
4493439.LOFI	GS	140.0	140.09	0	187	92.29	1	0.963262	0.115749	1	0	0.963262	0.910780	0.868804	0.843482	0.820538	0.834660	0.864753	0.820193	0.851543
4494659.LOFI	GS	127.0	127.04	0	253	129.20	2	0.996041	0.003000	1	0	0.981016	0.996041	0.980158	0.995697	0.995142	0.994832	0.993530	0.992552	0.988889
4495270.LOFI	GS	80.0	159.84	1	155	80.75	16	0.970396	0.018531	0	1	0.967541	0.953159	0.944817	0.945609	0.950570	0.966880	0.940231	0.970396	0.954307
4497852.LOFI	GS	99.0	147.36	-1	200	99.38	1	0.996842	0.001589	0	1	0.996842	0.995607	0.995245	0.995261	0.995208	0.995108	0.995543	0.995172	0.995548
4508138.LOFI	GS	126.0	168.0	-1	160	83.35	1	0.999539	0.000408	0	1	0.999539	0.999312	0.999151	0.999083	0.999042	0.999178	0.998909	0.999111	0.999384
4509910.LOFI	GS	140.0	140.1	0	186	92.29	1	0.981649	0.024655	1	0	0.981649	0.969927	0.961736	0.955304	0.955935	0.960001	0.958051	0.942678	0.922954
4512512.LOFI	GS	128.0	128.01	0	210	129.20	1	0.971905	0.038863	0	1	0.971905	0.943003	0.928582	0.920213	0.926649	0.937502	0.912807	0.965277	0.953984
4514851.LOFI	GS	148.0	147.36	0	279	152.00	16	0.973632	0.010682	1	1	0.964139	0.963189	0.972642	0.952594	0.950575	0.962711	0.945300	0.973632	0.964351
4517258.LOFI	GS	82.0	109.33	-1	218	107.67	1	0.953014	0.079284	0	1	0.953014	0.911793	0.882376	0.865084	0.852639	0.859971	0.893779	0.851471	0.903794
4532060.LOFI	GS	85.0	175.72	1	229	112.35	1	0.956644	0.062011	1	0	0.956644	0.920037	0.901494	0.893908	0.895358	0.887197	0.900923	0.881727	0.893021
4540818.LOFI	GS	126.0	125.86	0	252	123.05	1	0.959359	0.076146	0	1	0.959359	0.923083	0.894089	0.872337	0.844417	0.837702	0.854542	0.902287	0.926968
4543103.LOFI	GS	128.0	127.82	0	255	129.20	1	0.980254	0.008873	0	1	0.980254	0.967650	0.971416	0.976741	0.962348	0.975931	0.971347	0.977262	0.961545
4547732.LOFI	GS	86.0	173.65	1	337	172.27	32	0.989938	0.018385	0	1	0.975340	0.967328	0.963029	0.971956	0.964773	0.987140	0.971150	0.987061	0.989938
4549757.LOFI	GS	174.0	173.96	0	233	117.45	16	0.966502	0.020348	1	1	0.964045	0.946148	0.944107	0.946159	0.965340	0.941372	0.942196	0.966502	0.966015
4558106.LOFI	GS	128.0	85.37	-1	261	129.20	1	0.954708	0.090361	1	0	0.954708	0.918395	0.894804	0.877601	0.855734	0.845689	0.816060	0.825733	0.872960
4559522.LOFI	GS	134.0	133.24	0	177	89.10	1	0.960315	0.022756	1	0	0.960315	0.938130	0.940001	0.941421	0.945631	0.933129	0.927969	0.936989	0.935304
4565270.LOFI	GS	125.0	122.23	0	220	123.05	16	0.980075	0.029532	0	1	0.928473	0.886016	0.917591	0.975841	0.886204	0.974413	0.975420	0.980075	0.972611
4566667.LOFI	GS	130.0	130.06	0	250	129.20	1	0.975801	0.102547	0	1	0.975801	0.944003	0.914353	0.887355	0.850983	0.821680	0.835791	0.859153	0.949908
4567978.LOFI	GS	148.0	147.56	0	147	73.83	1	0.992879	0.002572	0	1	0.992879	0.992295	0.990238	0.991441	0.990033	0.990377	0.989927	0.989834	0.992434
4567979.LOFI	GS	148.0	148.09	0	290	152.00	1	0.992917	0.007966	1	0	0.992917	0.989239	0.986902	0.986125	0.984806	0.985096	0.981811	0.980550	0.978230
4585539.LOFI	GS	140.0	139.69	0	214	112.35	1	0.980211	0.097335	1	0	0.980211	0.949115	0.919770	0.894152	0.858787	0.868424	0.910619	0.871601	0.858940
4586220.LOFI	GS	174.0	173.65	0	212	112.35	1	0.922950	0.166571	0	1	0.922950	0.817000	0.714701	0.646459	0.638857	0.798057	0.832722	0.634634	0.862571
4593850.LOFI	GS	124.0	127.29	0	257	129.20	2	0.994516	0.012448	1	0	0.979033	0.994516	0.974333	0.990162	0.988321	0.987528	0.983583	0.980552	0.958338
4596215.LOFI	GS	120.0	120.01	0	192	95.70	6	0.990463	0.002274	1	1	0.988582	0.989652	0.988966	0.987795	0.990463	0.985827	0.986280	0.986707	0.989734
4604737.LOFI	GS	127.0	174.52	-1	306	172.27	1	0.992743	0.003120	1	0	0.992743	0.989620	0.989742	0.991497	0.991221	0.989314	0.988458	0.989626	0.987350
4609093.LOFI	GS	140.0	187.1	-1	281	143.55	1	0.946890	0.057211	0	1	0.946890	0.909336	0.902462	0.898791	0.866668	0.880568	0.848527	0.863292	0.912001
4609944.LOFI	GS	58.0	144.95	-1	290	143.55	16	0.980128	0.154507	0	1	0.927481	0.892068	0.853709	0.797532	0.767672	0.762042	0.793609	0.980128	0.967263
4610426.LOFI	GS	140.0	140.13	0	186	92.29	1	0.938342	0.044855	1	0	0.938342	0.902741	0.894356	0.892619	0.911312	0.882726	0.883410	0.899455	0.881790
4611640.LOFI	GS	125.0	124.94	0	168	83.35	1	0.962237	0.077929	1	0	0.962237	0.929756	0.911004	0.894369	0.889614	0.879002	0.873192	0.869309	0.858186
4623143.LOFI	GS	147.0	146.99	0	209	99.38	1	0.901473	0.144944	0	0	0.901473	0.827643	0.793045	0.747459	0.739120	0.753305	0.880531	0.739153	0.759754
4624663.LOFI	GS	165.0	110.21	-1	201	112.35	1	0.896552	0.092939	0	1	0.896552	0.796425	0.759729	0.775872	0.826227	0.769093	0.861039	0.810800	0.880433
4625875.LOFI	GS	172.0	173.78	0	339	172.27	1	0.943696	0.117505	1	0	0.943696	0.885824	0.857468	0.842131	0.810251	0.808260	0.774927	0.769408	0.849878
4631727.LOFI	GS	148.0	147.63	0	143	73.83	32	0.996936	0.001100	0	1	0.995804	0.994129	0.994605	0.996263	0.993407	0.996709	0.995868	0.996762	0.996936
4633603.LOFI	GS	140.0	140.13	0	280	143.55	1	0.979141	0.027086	1	0	0.979141	0.970197	0.960698	0.957794	0.948938	0.955173	0.930995	0.927923	0.914996
4650113.LOFI	GS	118.0	117.97	0	184	117.45	16	0.935808	0.046718	0	1	0.934301	0.891019	0.874708	0.872027	0.887161	0.904477	0.863533	0.935808	0.892474
4653852.LOFI	GS	140.0	139.66	0	282	143.55	1	0.965440	0.029364	0	1	0.965440	0.941211	0.941447	0.943057	0.920307	0.930941	0.925234	0.949405	0.924171
4661735.LOFI	GS	80.0	106.56	-1	220	107.67	1	0.963284	0.011897	1	0	0.963284	0.954302	0.952219	0.951115	0.957683	0.949116	0.951661	0.949154	0.944874
4666231.LOFI	GS	174.0	174.09	0	233	117.45	1	0.946654	0.072799	1	0	0.946654	0.906187	0.884578	0.874175	0.867681	0.873535	0.879156	0.854903	0.872801
4667626.LOFI	GS	146.0	147.94	0	177	152.00	8	0.991959	0.003390	0	1	0.989335	0.988544	0.986502	0.988927	0.987060	0.991959	0.987195	0.991018	0.988593
4671406.LOFI	GS	126.0	126.02	0	190	123.05	16	0.974915	0.062183	0	1	0.974563	0.946102	0.925633	0.899832	0.847431	0.812824	0.887689	0.974915	0.973622
4671443.LOFI	GS	148.0	147.54	0	198	99.38	16	0.934790	0.130194	1	1	0.868370	0.747634	0.727825	0.797099	0.903357	0.726815	0.812094	0.934790	0.923083
4677606.LOFI	GS	144.0	144.0	0	279	143.55	1	0.997323	0.003685	1	0	0.997323	0.995690	0.994802	0.994117	0.993545	0.993365	0.992694	0.992268	0.993731
4678080.LOFI	GS	172.0	107.33	-1	226	112.35	3	0.946959	0.034358	1	0	0.943349	0.944919	0.946959	0.913659	0.911543	0.914961	0.886995	0.894895	0.867053
4693039.LOFI	GS	140.0	140.09	0	183	92.29	1	0.981097	0.067121	1	0	0.981097	0.967089	0.957200	0.939892	0.919450	0.908503	0.890645	0.883602	0.903344
4693198.LOFI	GS	126.0	126.01	0	169	83.35	3	0.971304	0.007540	1	1	0.963203	0.964325	0.971304	0.950427	0.960083	0.970547	0.947676	0.967224	0.966048
4694833.LOFI	GS	143.0	142.96	0	191	95.70	1	0.904934	0.075784	1	0	0.904934	0.824377	0.808847	0.824600	0.841258	0.811147	0.843455	0.834861	0.833701
4696505.LOFI	GS	160.0	159.94	0	220	107.67	1	0.920846	0.092248	0	0	0.920846	0.860773	0.836674	0.813232	0.807509	0.820522	0.872954	0.813476	0.844671
4703149.LOFI	GS	110.0	110.0	0	128	112.35	4	0.993229	0.010464	0	0	0.979882	0.972504	0.976815	0.993229	0.970499	0.990680	0.988526	0.987135	0.985648
4710576.LOFI	GS	175.0	174.97	0	237	117.45	1	0.947279	0.090159	0	0	0.947279	0.895461	0.861149	0.842924	0.832836	0.858706	0.892576	0.824751	0.855533
4711578.LOFI	GS	175.0	174.16	0	173	86.13	8	0.917700	0.075447	0	1	0.910826	0.851509	0.823360	0.820739	0.837159	0.917700	0.807783	0.882482	0.847347
4714481.LOFI	GS	110.0	186.73	-1	225	112.35	1	0.950836	0.011981	0	0	0.950836	0.919529	0.922640	0.950628	0.905324	0.944258	0.942592	0.939327	0.938382
4723905.LOFI	GS	140.0	140.05	0	259	143.55	1	0.989854	0.012670	0	0	0.989854	0.983101	0.978489	0.977146	0.977223	0.981185	0.970255	0.976445	0.971033
4735587.LOFI	GS	140.0	139.15	0	187	92.29	1	0.944576	0.083153	0	1	0.944576	0.896426	0.867765	0.852865	0.842787	0.855082	0.884958	0.840732	0.892273
4735758.LOFI	GS	140.0	139.59	0	225	112.35	1	0.994701	0.015441	1	0	0.994701	0.990356	0.986981	0.984412	0.980222	0.978299	0.973922	0.970651	0.949916
4743012.LOFI	GS	125.0	125.02	0	243	123.05	1	0.975146	0.010389	0	1	0.975146	0.967483	0.963328	0.957295	0.962509	0.973623	0.954074	0.975050	0.966184
4749611.LOFI	GS	128.0	127.84	0	238	129.20	1	0.953223	0.046308	0	0	0.953223	0.933639	0.912441	0.906312	0.903472	0.925951	0.890040	0.907518	0.900653
4767260.LOFI	GS	170.0	174.51	0	233	117.45	1	0.943561	0.023993	1	1	0.943561	0.921113	0.922238	0.918023	0.935181	0.910894	0.906829	0.924170	0.906764
4772658.LOFI	GS	124.0	120.02	0	238	117.45	1	0.982126	0.005462	0	0	0.982126	0.978369	0.976807	0.979785	0.976521	0.980162	0.975189	0.976161	0.970311
4773857.LOFI	GS	140.0	139.27	0	171	92.29	16	0.931898	0.070115	0	1	0.914329	0.828278	0.810608	0.876384	0.909864	0.796069	0.847182	0.931898	0.917180
4773948.LOFI	GS	140.0	140.05	0	137	69.84	16	0.942825	0.077517	0	1	0.942563	0.918421	0.870029	0.860588	0.815830	0.803761	0.851558	0.942825	0.884772
4800274.LOFI	GS	140.0	139.55	0	158	92.29	6	0.923397	0.016992	1	1	0.915261	0.898864	0.898425	0.919776	0.923397	0.902052	0.896173	0.918142	0.910757
4800275.LOFI	GS	140.0	140.12	0	181	92.29	1	0.957965	0.013157	0	1	0.957965	0.935883	0.934970	0.945628	0.954016	0.937508	0.943987	0.956394	0.957083
4810810.LOFI	GS	136.0	135.93	0	270	136.00	2	0.996592	0.002157	0	0	0.990901	0.996592	0.990257	0.996093	0.995834	0.996182	0.994492	0.994377	0.991894
4816604.LOFI	GS	139.82	140.18	0	190	92.29	1	0.958456	0.025046	1	0	0.958456	0.939489	0.934029	0.934629	0.935796	0.927030	0.932790	0.928405	0.920113
4823439.LOFI	GS	140.0	140.21	0	278	143.55	1	0.957049	0.125561	1	0	0.957049	0.923689	0.895167	0.874270	0.832710	0.816822	0.801052	0.822441	0.830265
4823611.LOFI	GS	127.0	127.25	0	190	129.20	8	0.998752	0.034050	0	1	0.931754	0.912885	0.931913	0.997553	0.912875	0.998752	0.997491	0.998658	0.998440
4826952.LOFI	GS	140.0	140.07	0	183	92.29	32	0.940115	0.113800	0	1	0.921976	0.855969	0.814411	0.777029	0.776525	0.838219	0.879872	0.776715	0.940115
4826957.LOFI	GS	140.0	140.01	0	187	92.29	16	0.985173	0.009601	1	1	0.970307	0.975842	0.980369	0.968235	0.977023	0.980503	0.963744	0.985173	0.975301
4827285.LOFI	GS	172.0	173.65	0	224	112.35	1	0.841088	0.126095	0	1	0.841088	0.678802	0.652376	0.713902	0.758205	0.655851	0.716083	0.782240	0.823716
4827287.LOFI	GS	148.0	147.41	0	202	99.38	1	0.953842	0.054460	0	1	0.953842	0.914652	0.900156	0.896704	0.896850	0.898609	0.926258	0.891105	0.922500
4845088.LOFI	GS	180.0	179.48	0	167	89.10	8	0.977101	0.037786	0	1	0.937330	0.941300	0.913772	0.936921	0.941412	0.977101	0.930909	0.969518	0.957537
4850346.LOFI	GS	120.0	120.06	0	188	95.70	3	0.989460	0.029752	1	1	0.960316	0.953818	0.989460	0.961327	0.978825	0.941068	0.959101	0.962771	0.941216
4853692.LOFI	GS	126.0	189.61	-1	194	99.38	3	0.990629	0.007134	1	0	0.985031	0.984918	0.990629	0.980735	0.987337	0.983811	0.983178	0.979385	0.980224
4860099.LOFI	GS	140.0	139.56	0	280	143.55	16	0.947276	0.140010	0	1	0.915171	0.825843	0.807427	0.807105	0.791415	0.765697	0.798133	0.947276	0.926645
4861484.LOFI	GS	172.0	173.41	0	167	86.13	4	0.934243	0.043576	0	0	0.934075	0.896690	0.905345	0.934243	0.883091	0.933000	0.884643	0.870796	0.852389
4863146.LOFI	GS	110.0	110.03	0	207	112.35	16	0.946056	0.193011	0	1	0.922854	0.852703	0.775265	0.730823	0.707840	0.701021	0.728063	0.946056	0.936267
4875475.LOFI	GS	120.0	126.0	-1	316	161.50	1	0.941714	0.099109	0	0	0.941714	0.883088	0.856072	0.859566	0.844809	0.775873	0.781096	0.840401	0.800573
4884993.LOFI	GS	87.0	174.01	1	340	172.27	1	0.952538	0.055786	0	0	0.952538	0.920646	0.901752	0.891752	0.887775	0.904432	0.868196	0.873647	0.902953
4896659.LOFI	GS	110.0	170.0	-1	263	136.00	1	0.969619	0.008413	1	0	0.969619	0.961239	0.965969	0.961172	0.968778	0.959025	0.968915	0.957025	0.956630
4899365.LOFI	GS	170.0	107.95	-1	217	112.35	1	0.942388	0.048585	1	0	0.942388	0.896347	0.882369	0.906828	0.907590	0.875736	0.882081	0.900204	0.891258
4921810.LOFI	GS	140.0	139.6	0	268	143.55	32	0.955017	0.025439	0	1	0.944307	0.930889	0.928266	0.914221	0.916848	0.933148	0.911959	0.945918	0.955017
4936740.LOFI	GS	140.0	140.13	0	182	92.29	1	0.968453	0.112267	1	0	0.968453	0.935257	0.911020	0.887650	0.859604	0.847179	0.843813	0.852767	0.834540
4937390.LOFI	GS	140.0	140.06	0	187	92.29	1	0.979189	0.051307	1	0	0.979189	0.959282	0.946470	0.937102	0.925155	0.918341	0.909735	0.911625	0.930609
4947281.LOFI	GS	136.0	136.02	0	125	136.00	1	0.998682	0.001079	0	0	0.998682	0.997888	0.997642	0.997755	0.997564	0.997771	0.997554	0.997510	0.997108
4951739.LOFI	GS	170.0	169.65	0	225	112.35	1	0.930337	0.157565	1	0	0.930337	0.850004	0.799178	0.770284	0.765246	0.781723	0.775262	0.738646	0.750888
4955051.LOFI	GS	140.0	140.15	0	281	143.55	16	0.995887	0.267373	0	1	0.870474	0.752772	0.711292	0.727034	0.635429	0.669117	0.729994	0.995887	0.995006
4955053.LOFI	GS	140.0	140.15	0	217	112.35	12	0.952848	0.063096	1	0	0.899578	0.870010	0.929526	0.879669	0.938318	0.861694	0.952848	0.901239	0.879926
4960424.LOFI	GS	85.0	177.23	-1	340	172.27	8	0.964846	0.107102	0	1	0.897810	0.854133	0.861355	0.826401	0.849556	0.964846	0.826621	0.963084	0.947167
4969415.LOFI	GS	120.0	119.82	0	299	161.50	1	0.983932	0.034016	1	0	0.983932	0.972353	0.965992	0.960830	0.953122	0.946709	0.938493	0.939739	0.943045
4984238.LOFI	GS	115.0	153.34	-1	303	152.00	4	0.971839	0.012532	0	0	0.970124	0.968104	0.961224	0.971839	0.957392	0.966301	0.952231	0.948458	0.947328
4993934.LOFI	GS	140.0	140.15	0	187	92.29	16	0.892967	0.092041	1	1	0.852959	0.763305	0.757916	0.797970	0.871699	0.754518	0.803882	0.892967	0.882923
5024644.LOFI	GS	140.0	105.1	-1	280	143.55	16	0.951847	0.068505	0	1	0.951305	0.910247	0.889949	0.876735	0.852134	0.852750	0.874935	0.951847	0.937051
5039329.LOFI	GS	87.0	135.26	-1	175	86.13	1	0.934994	0.157753	1	0	0.934994	0.871929	0.822457	0.792492	0.745105	0.701355	0.703147	0.761991	0.796304
5051606.LOFI	GS	128.0	128.12	0	259	129.20	1	0.951782	0.051353	0	0	0.951782	0.914820	0.898975	0.893971	0.901881	0.911319	0.895968	0.902081	0.885153
5068771.LOFI	GS	174.0	174.49	0	234	117.45	1	0.920105	0.224276	0	1	0.920105	0.796483	0.694335	0.637248	0.617139	0.697324	0.848997	0.620544	0.869594
5070846.LOFI	GS	140.0	109.96	-1	212	112.35	1	0.910811	0.033046	0	1	0.910811	0.881939	0.870001	0.870537	0.873590	0.883355	0.867801	0.908898	0.895951
5073839.LOFI	GS	174.0	173.45	0	232	117.45	1	0.939576	0.083293	0	1	0.939576	0.881331	0.853416	0.851234	0.851174	0.853967	0.893533	0.858600	0.917786
5076753.LOFI	GS	140.0	139.45	0	182	92.29	3	0.960094	0.024372	1	0	0.956172	0.956531	0.960094	0.934283	0.937161	0.943352	0.919649	0.929676	0.926623
5076821.LOFI	GS	172.0	174.26	0	158	86.13	1	0.898517	0.230720	0	1	0.898517	0.774798	0.687911	0.647683	0.604225	0.601721	0.610720	0.824128	0.801105
5078640.LOFI	GS	171.0	170.0	0	339	172.27	32	0.971517	0.038560	0	1	0.913564	0.866161	0.911135	0.957511	0.869442	0.968608	0.952349	0.965927	0.971517
5079918.LOFI	GS	139.5	140.18	0	282	143.55	1	0.979599	0.060335	0	1	0.979599	0.952764	0.928283	0.910246	0.903478	0.905954	0.900188	0.968488	0.951311
5081990.LOFI	GS	170.0	113.28	-1	223	112.35	1	0.897635	0.169772	1	0	0.897635	0.787122	0.727315	0.728410	0.743834	0.687596	0.704843	0.736413	0.718527
5089294.LOFI	GS	140.0	169.63	-1	170	86.13	1	0.957255	0.039493	0	1	0.957255	0.934489	0.919132	0.913323	0.916392	0.927233	0.901422	0.940695	0.912565
5102537.LOFI	GS	123.0	122.99	0	244	123.05	4	0.987114	0.010070	0	0	0.983947	0.981606	0.979398	0.987114	0.974690	0.980825	0.971312	0.964222	0.940122
5117279.LOFI	GS	120.0	121.07	0	322	161.50	32	0.997382	0.004596	1	1	0.994050	0.992053	0.991942	0.992653	0.994235	0.991945	0.992920	0.995400	0.997382
5118757.LOFI	GS	130.0	140.15	-1	140	69.84	8	0.999142	0.000655	0	1	0.997137	0.998891	0.997074	0.998726	0.998674	0.999142	0.998300	0.998732	0.997731
5135326.LOFI	GS	130.0	64.97	2	191	103.36	1	0.993081	0.005438	1	0	0.993081	0.990061	0.989588	0.987606	0.987680	0.987464	0.988001	0.986723	0.987426
5137153.LOFI	GS	150.0	149.43	0	296	152.00	1	0.962322	0.039500	1	0	0.962322	0.940561	0.930270	0.929026	0.923312	0.922331	0.912838	0.906230	0.904498
5137154.LOFI	GS	70.0	139.97	1	227	112.35	1	0.945409	0.034999	1	0	0.945409	0.913204	0.913583	0.926470	0.909837	0.910983	0.895772	0.869550	0.816939
5137157.LOFI	GS	140.0	76.09	-1	221	112.35	1	0.963297	0.041863	0	0	0.963297	0.935664	0.923255	0.919736	0.923130	0.916795	0.931261	0.917653	0.904661
5137158.LOFI	GS	140.0	70.04	2	191	95.70	1	0.973249	0.015208	1	0	0.973249	0.960137	0.959253	0.954264	0.959757	0.956829	0.956564	0.959399	0.953328
5143186.LOFI	GS	138.0	139.96	0	223	143.55	1	0.982478	0.054628	1	0	0.982478	0.965013	0.951891	0.943066	0.926783	0.921139	0.917637	0.928917	0.914429
5157605.LOFI	GS	132.0	65.9	2	118	66.26	2	0.989013	0.022855	0	0	0.987678	0.989013	0.977574	0.978212	0.969775	0.962541	0.951626	0.952049	0.931789
5160584.LOFI	GS	128.0	127.93	0	334	172.27	1	0.985572	0.003980	1	0	0.985572	0.982055	0.982477	0.981192	0.982332	0.981204	0.977947	0.981980	0.978745
5162042.LOFI	GS	170.0	169.1	0	192	112.35	1	0.961255	0.033993	0	0	0.961255	0.938234	0.927291	0.917145	0.915476	0.927234	0.934551	0.911153	0.932509
5171396.LOFI	GS	174.0	173.99	0	170	86.13	16	0.967818	0.099216	0	1	0.942392	0.886869	0.857501	0.846693	0.851530	0.879703	0.848245	0.967818	0.943332
5195826.LOFI	GS	87.0	173.89	1	348	172.27	1	0.945670	0.066759	0	1	0.945670	0.899631	0.881168	0.876654	0.871582	0.930245	0.850956	0.904433	0.866257
5202182.LOFI	GS	140.0	139.69	0	244	143.55	32	0.951381	0.136160	0	1	0.915929	0.824866	0.791963	0.790737	0.805577	0.842285	0.795446	0.904468	0.951381
5204781.LOFI	GS	124.0	123.64	0	189	99.38	1	0.992287	0.010197	1	0	0.992287	0.988011	0.989207	0.986009	0.984154	0.980025	0.977791	0.974211	0.957135
5213896.LOFI	GS	175.0	175.08	0	175	86.13	4	0.979760	0.025327	0	0	0.942238	0.900651	0.938262	0.979760	0.903543	0.979471	0.974611	0.971434	0.966628
5214265.LOFI	GS	120.0	119.97	0	237	117.45	2	0.993865	0.002050	1	0	0.992007	0.993865	0.989207	0.992307	0.992092	0.991933	0.991697	0.990987	0.988378
5214755.LOFI	GS	170.0	175.16	0	222	112.35	1	0.928883	0.065603	0	1	0.928883	0.875126	0.858018	0.862377	0.871608	0.837326	0.843175	0.872057	0.864182
5214943.LOFI	GS	74.0	73.96	0	291	152.00	1	0.932865	0.108806	1	0	0.932865	0.886860	0.887525	0.909827	0.825325	0.822793	0.796352	0.769745	0.773349
5237462.LOFI	GS	120.0	119.96	0	322	161.50	1	0.972330	0.046918	1	0	0.972330	0.951042	0.943016	0.939852	0.932768	0.918056	0.910716	0.903801	0.898274
5248391.LOFI	GS	140.0	140.08	0	154	92.29	1	0.937898	0.032424	0	1	0.937898	0.885941	0.871663	0.897416	0.921982	0.876430	0.913532	0.928927	0.935076
5258365.LOFI	GS	148.0	147.81	0	195	99.38	1	0.991154	0.011765	1	0	0.991154	0.986661	0.984303	0.980666	0.976902	0.978494	0.976137	0.973238	0.980284
5261461.LOFI	GS	174.0	174.98	0	237	117.45	1	0.947850	0.066333	0	0	0.947850	0.905010	0.878800	0.865392	0.869898	0.884232	0.914824	0.871365	0.895259
5268098.LOFI	GS	126.0	125.93	0	168	83.35	1	0.983828	0.012024	1	0	0.983828	0.979092	0.976778	0.973446	0.973215	0.970392	0.965126	0.970285	0.964756
5294335.LOFI	GS	126.0	125.97	0	338	172.27	1	0.973145	0.068240	0	1	0.973145	0.935343	0.905747	0.887420	0.873672	0.904065	0.952551	0.864818	0.954788
5302339.LOFI	GS	165.0	172.94	-1	166	83.35	1	0.946523	0.072642	0	1	0.946523	0.897904	0.874394	0.866205	0.853638	0.893909	0.855315	0.908233	0.873366
5314439.LOFI	GS	148.0	147.53	0	198	99.38	1	0.992536	0.011576	0	0	0.992536	0.987280	0.982054	0.977267	0.973987	0.979867	0.984306	0.973563	0.983578
5315510.LOFI	GS	140.0	140.04	0	262	143.55	1	0.982008	0.090122	1	0	0.982008	0.956981	0.931256	0.908853	0.875071	0.849234	0.834261	0.830567	0.908701
5335389.LOFI	GS	140.0	104.97	-1	202	103.36	1	0.937455	0.098961	0	0	0.937455	0.879912	0.856931	0.839831	0.837156	0.814008	0.868280	0.819424	0.817470
5345058.LOFI	GS	148.0	147.77	0	198	99.38	32	0.986585	0.009528	1	1	0.976563	0.975676	0.978065	0.971643	0.979282	0.977552	0.971453	0.985084	0.986585
5347155.LOFI	GS	175.0	174.95	0	234	117.45	1	0.912731	0.105190	0	1	0.912731	0.835166	0.811130	0.803952	0.800446	0.796840	0.850742	0.801713	0.870024
5355157.LOFI	GS	83.0	165.98	1	145	83.35	1	0.903578	0.046412	0	0	0.903578	0.871518	0.864298	0.902972	0.850034	0.902856	0.846607	0.849958	0.770915
5356489.LOFI	GS	140.0	139.07	0	281	143.55	1	0.995061	0.005117	0	0	0.995061	0.991567	0.990213	0.989675	0.989186	0.992382	0.987864	0.990713	0.987764
5363251.LOFI	GS	140.0	140.15	0	185	92.29	1	0.957290	0.088227	1	0	0.957290	0.913934	0.888673	0.880923	0.869097	0.849181	0.851063	0.869029	0.844988
536656.LOFI	GS	173.0	130.0	-1	271	136.00	1	0.962538	0.010210	0	0	0.962538	0.943967	0.954711	0.960847	0.935277	0.954550	0.955682	0.950106	0.944934
5377710.LOFI	GS	127.5	127.83	0	257	129.20	1	0.948657	0.057105	0	1	0.948657	0.901416	0.880158	0.873303	0.881688	0.929201	0.863059	0.925366	0.914632
5406759.LOFI	GS	126.0	126.21	0	253	129.20	1	0.975461	0.008777	0	1	0.975461	0.968332	0.965036	0.968612	0.962699	0.970186	0.960630	0.973375	0.956996
5431709.LOFI	GS	174.0	174.97	0	233	117.45	1	0.939998	0.101172	0	1	0.939998	0.878758	0.839116	0.814396	0.803990	0.838536	0.895054	0.806102	0.886726
547692.LOFI	GS	170.0	127.82	-1	228	112.35	1	0.953714	0.026244	0	1	0.953714	0.929675	0.927995	0.925422	0.929353	0.924369	0.926818	0.926945	0.934469
587794.LOFI	GS	140.0	140.32	0	209	112.35	1	0.987826	0.082738	1	0	0.987826	0.972456	0.956128	0.939982	0.911067	0.896378	0.886366	0.896948	0.899109
633082.LOFI	GS	126.0	126.01	0	169	83.35	3	0.991300	0.010590	1	1	0.982776	0.975282	0.991300	0.991169	0.980906	0.980514	0.971335	0.970441	0.987399
672063.LOFI	GS	175.0	175.0	0	236	117.45	1	0.975986	0.057518	1	0	0.975986	0.951516	0.936365	0.929137	0.920313	0.915549	0.916625	0.899215	0.874598
672064.LOFI	GS	175.0	175.28	0	345	172.27	1	0.977959	0.017637	0	0	0.977959	0.972313	0.963028	0.967134	0.957616	0.965429	0.953694	0.956366	0.943804
691688.LOFI	GS	93.0	143.02	-1	280	143.55	1	0.988833	0.018243	0	1	0.988833	0.983025	0.975975	0.970921	0.964536	0.960866	0.966884	0.977092	0.970259
691694.LOFI	GS	90.0	145.08	-1	278	143.55	1	0.991784	0.022405	0	1	0.991784	0.983484	0.976381	0.971548	0.964861	0.961405	0.965390	0.979228	0.967210
710469.LOFI	GS	156.0	155.99	0	143	78.30	1	0.981370	0.031952	0	1	0.981370	0.962397	0.949397	0.941196	0.932693	0.928491	0.949439	0.960940	0.953958
750132.LOFI	GS	132.5	176.88	-1	266	136.00	1	0.952919	0.061573	1	0	0.952919	0.926358	0.912755	0.899960	0.884748	0.884517	0.882914	0.897944	0.868532
825292.LOFI	GS	140.2	139.98	0	225	112.35	1	0.975894	0.111458	1	0	0.975894	0.950881	0.929570	0.906296	0.874641	0.854232	0.823775	0.835458	0.847379
861484.LOFI	GS	174.0	113.37	-1	227	112.35	1	0.956365	0.107307	0	1	0.956365	0.923223	0.898174	0.869032	0.829084	0.799227	0.730272	0.702535	0.918404
906680.LOFI	GS	169.73	127.26	-1	225	112.35	1	0.946891	0.020234	0	1	0.946891	0.939984	0.937252	0.895297	0.902412	0.938268	0.916062	0.911091	0.940991
906681.LOFI	GS	171.726	172.53	0	167	86.13	32	0.994778	0.002700	0	1	0.902288	0.991613	0.901256	0.992449	0.991903	0.993931	0.992252	0.993598	0.994778
906760.LOFI	GS	141.68	152.16	-1	106	117.45	1	0.929524	0.087006	1	0	0.929524	0.891607	0.869806	0.853647	0.843997	0.823565	0.808223	0.796208	0.841038
907836.LOFI	GS	175.0	175.06	0	233	117.45	1	0.939227	0.074094	0	0	0.939227	0.887509	0.864076	0.862566	0.866190	0.860974	0.889304	0.859202	0.877962
907837.LOFI	GS	172.0	173.65	0	221	112.35	1	0.942201	0.059497	1	0	0.942201	0.890408	0.874424	0.890393	0.891502	0.863783	0.878039	0.887368	0.872844
925895.LOFI	GS	140.0	140.24	0	188	92.29	2	0.915723	0.039615	1	0	0.913516	0.915723	0.914419	0.879312	0.872904	0.856987	0.839555	0.880843	0.825300
942357.LOFI	GS	170.0	174.03	0	221	112.35	1	0.950780	0.068103	1	0	0.950780	0.919731	0.903433	0.889958	0.881393	0.880544	0.883960	0.868424	0.870078
94350.LOFI	GS	151.0	151.2	0	303	152.00	1	0.963167	0.068656	0	1	0.963167	0.924257	0.893054	0.876444	0.872722	0.895969	0.868029	0.944254	0.926993
956606.LOFI	GS	125.0	127.23	0	128	63.02	1	0.996387	0.006214	1	0	0.996387	0.994333	0.993795	0.993646	0.991369	0.988977	0.983689	0.978327	0.953012
986931.LOFI	GS	140.0	140.04	0	219	112.35	1	0.985641	0.085106	1	0	0.985641	0.966321	0.948842	0.932187	0.905420	0.893525	0.882359	0.882479	0.895650
989704.LOFI	GS	174.0	174.12	0	229	117.45	1	0.961084	0.130260	1	0	0.961084	0.922723	0.891786	0.876841	0.847075	0.804106	0.787984	0.814573	0.782962
