track_id	dataset	gt_bpm	det_bpm	label	sub_bass_ratio	spectral_flatness	attack_rise_time	mfcc_variance	contrast_variance
1030011.LOFI	GS	126.0	126.04	0	0.448529	0.021266	8.0000	534.5004	12.6889
1068430.LOFI	GS	170.0	175.07	0	0.397715	0.047124	8.0000	323.1411	11.8145
1084996.LOFI	GS	140.0	140.1	0	0.606254	0.027496	8.0000	659.6257	15.1637
1092771.LOFI	GS	136.0	108.73	-1	0.853884	0.007828	8.0000	324.6001	14.8812
1114156.LOFI	GS	86.0	173.01	1	0.407690	0.000478	8.0000	756.7480	25.0067
1118326.LOFI	GS	171.419	171.43	0	0.445559	0.040208	8.0000	454.9588	15.0672
1120171.LOFI	GS	174.0	174.49	0	0.558703	0.024309	8.0000	523.6902	16.1498
1171800.LOFI	GS	140.0	140.09	0	0.506251	0.020094	8.0000	859.1627	17.1349
1174239.LOFI	GS	172.0	173.65	0	0.277771	0.088581	8.0000	274.5638	12.1346
1177875.LOFI	GS	148.0	147.63	0	0.247044	0.064269	8.0000	502.5291	12.2780
1183908.LOFI	GS	140.0	140.19	0	0.574635	0.006358	8.0000	894.5232	12.3954
1198571.LOFI	GS	120.0	119.85	0	0.675887	0.002551	8.0000	756.8142	19.5837
122772.LOFI	GS	140.0	140.2	0	0.280243	0.004948	8.0000	674.4402	16.0953
1234668.LOFI	GS	175.0	175.03	0	0.675056	0.016448	8.0000	356.3729	11.9377
1234669.LOFI	GS	175.0	175.62	0	0.708435	0.009640	8.0000	1863.2300	23.8506
1234745.LOFI	GS	140.0	139.67	0	0.534229	0.020071	8.0000	473.6625	13.6595
1234750.LOFI	GS	140.0	139.46	0	0.278229	0.028733	8.0000	389.6027	12.4096
1240669.LOFI	GS	171.0	170.43	0	0.360673	0.037033	8.0000	1139.7542	14.5854
1240672.LOFI	GS	174.0	174.54	0	0.503881	0.005505	8.0000	798.4322	16.4304
1317507.LOFI	GS	174.0	174.37	0	0.502716	0.042701	8.0000	988.8870	11.4509
1327052.LOFI	GS	175.0	141.47	-1	0.036617	0.007308	8.0000	1807.1823	18.0084
1329955.LOFI	GS	126.0	174.21	-1	0.215671	0.002891	8.0000	994.3609	17.9550
1380256.LOFI	GS	126.0	104.73	-1	0.579046	0.002727	8.0000	1053.8026	25.5718
1418652.LOFI	GS	140.0	186.5	-1	0.571750	0.030103	8.0000	1338.1570	17.5439
1424458.LOFI	GS	126.0	167.96	-1	0.891643	0.001969	8.0000	493.6807	13.7504
1461087.LOFI	GS	175.0	178.85	0	0.638503	0.018956	8.0000	469.7742	13.6476
1469706.LOFI	GS	130.0	129.95	0	0.527241	0.018287	8.0000	725.5784	14.7515
1479462.LOFI	GS	90.0	193.96	-1	0.554702	0.011780	8.0000	694.2973	16.0365
1514866.LOFI	GS	140.0	140.15	0	0.657384	0.009740	8.0000	1151.9672	19.6931
1548088.LOFI	GS	137.0	136.99	0	0.408544	0.011102	8.0000	552.7289	12.7582
1556416.LOFI	GS	140.0	140.01	0	0.285093	0.028775	8.0000	372.7035	12.7302
1560139.LOFI	GS	140.0	140.07	0	0.298212	0.066378	8.0000	235.5654	10.0283
1560729.LOFI	GS	123.0	123.0	0	0.481051	0.016115	8.0000	460.6169	13.9842
1562235.LOFI	GS	124.0	122.99	0	0.745490	0.015130	8.0000	1078.6503	17.4944
1569136.LOFI	GS	170.5	169.1	0	0.300742	0.054239	8.0000	93.6080	9.9885
1623443.LOFI	GS	140.0	140.15	0	0.584109	0.007833	8.0000	1849.1509	22.8891
1626348.LOFI	GS	140.0	139.99	0	0.336485	0.052245	8.0000	141.9830	12.1638
1676961.LOFI	GS	170.0	169.1	0	0.393722	0.056037	8.0000	442.0959	11.4599
1698047.LOFI	GS	174.0	174.52	0	0.664845	0.008947	8.0000	1208.6100	18.4364
172384.LOFI	GS	84.0	167.99	1	0.255574	0.013342	8.0000	350.8584	14.7054
1728723.LOFI	GS	140.0	140.0	0	0.347293	0.045285	8.0000	245.3519	12.1948
1735621.LOFI	GS	95.25	126.95	-1	0.535558	0.014512	8.0000	444.2979	12.3139
1743969.LOFI	GS	130.0	157.02	-1	0.367961	0.000912	8.0000	369.6358	13.3624
1747518.LOFI	GS	140.0	140.22	0	0.773840	0.000675	8.0000	650.9189	17.2668
1753073.LOFI	GS	140.0	139.46	0	0.431058	0.082791	8.0000	857.2018	15.4828
1765409.LOFI	GS	72.0	144.64	1	0.076069	0.000417	8.0000	571.2449	20.1356
1791554.LOFI	GS	126.0	62.95	2	0.643858	0.004330	8.0000	485.2329	14.4490
1816200.LOFI	GS	123.0	123.01	0	0.153884	0.002129	8.0000	254.0078	11.1889
1817444.LOFI	GS	172.0	173.65	0	0.662369	0.022593	8.0000	247.8221	12.2396
1825982.LOFI	GS	123.0	123.07	0	0.460807	0.009209	8.0000	685.2679	20.1244
1839656.LOFI	GS	140.0	140.15	0	0.631701	0.002485	8.0000	1040.6682	29.9764
1842615.LOFI	GS	148.0	147.64	0	0.449112	0.044756	8.0000	1264.3273	14.5249
1851619.LOFI	GS	99.0	99.02	0	0.241648	0.034694	8.0000	624.2309	16.4312
1855660.LOFI	GS	174.0	174.08	0	0.059942	0.001545	8.0000	1431.9668	17.8812
1874244.LOFI	GS	70.0	186.56	-1	0.772430	0.002042	8.0000	1081.6750	24.3652
1885798.LOFI	GS	101.0	134.65	-1	0.384852	0.007800	8.0000	423.4585	16.0982
1889739.LOFI	GS	127.5	127.64	0	0.573569	0.052199	8.0000	779.2516	16.9160
1889844.LOFI	GS	140.0	140.08	0	0.694645	0.003465	8.0000	1410.2893	19.8525
1896782.LOFI	GS	140.0	175.0	-1	0.552660	0.027961	8.0000	894.2194	18.1624
1905591.LOFI	GS	180.0	120.02	-1	0.400902	0.042606	8.0000	142.0569	10.3894
1905592.LOFI	GS	118.0	175.15	-1	0.113428	0.053036	8.0000	412.6813	17.3414
1918704.LOFI	GS	140.0	140.12	0	0.594514	0.020153	8.0000	476.1730	20.0966
1921248.LOFI	GS	150.0	147.59	0	0.462658	0.029784	8.0000	352.3610	13.3033
1929611.LOFI	GS	173.0	173.33	0	0.261525	0.067535	8.0000	356.3049	15.9555
1943706.LOFI	GS	132.0	132.8	0	0.470177	0.004853	8.0000	818.7612	20.8226
1950701.LOFI	GS	174.0	174.05	0	0.874628	0.004530	8.0000	1048.8700	21.8282
1955621.LOFI	GS	140.0	140.22	0	0.612955	0.010542	8.0000	607.3290	18.4756
1960598.LOFI	GS	139.0	139.96	0	0.170103	0.047012	8.0000	495.8228	15.8331
1968659.LOFI	GS	136.0	135.99	0	0.297105	0.004849	8.0000	929.7094	21.7232
1973680.LOFI	GS	80.0	157.99	1	0.306836	0.004127	8.0000	606.4052	16.6876
1974485.LOFI	GS	170.0	167.17	0	0.460463	0.072738	8.0000	499.7101	15.7713
1982430.LOFI	GS	126.0	126.01	0	0.541496	0.008313	8.0000	1858.1426	21.3037
1982431.LOFI	GS	126.0	126.08	0	0.694890	0.003614	8.0000	1088.0975	23.6633
2013128.LOFI	GS	126.0	126.1	0	0.524708	0.011371	8.0000	1326.7721	19.0514
2022116.LOFI	GS	148.0	147.64	0	0.720186	0.012858	8.0000	476.2075	14.3766
2039114.LOFI	GS	120.0	157.19	-1	0.714550	0.002825	8.0000	535.3107	15.0542
2048806.LOFI	GS	140.0	140.02	0	0.216995	0.045297	8.0000	577.2518	11.7712
2061919.LOFI	GS	140.0	140.08	0	0.695071	0.017921	8.0000	477.6511	12.6839
2071203.LOFI	GS	134.0	66.57	2	0.539696	0.003250	8.0000	315.5262	12.8708
2083393.LOFI	GS	115.0	117.96	0	0.693225	0.007150	8.0000	672.0114	15.4926
2083969.LOFI	GS	70.0	137.97	1	0.045408	0.001401	8.0000	1091.3235	20.0411
2088277.LOFI	GS	140.0	139.95	0	0.689428	0.017883	8.0000	529.3520	15.0257
2088281.LOFI	GS	140.0	139.7	0	0.533076	0.012684	8.0000	618.4076	22.1939
210560.LOFI	GS	79.0	105.31	-1	0.263116	0.000795	8.0000	564.6111	18.1113
220883.LOFI	GS	140.0	139.74	0	0.355367	0.069603	8.0000	254.3136	11.0423
2422602.LOFI	GS	128.0	101.6	-1	0.780823	0.011487	8.0000	824.5291	12.6987
2432724.LOFI	GS	126.0	157.97	-1	0.007428	0.020355	8.0000	546.5966	16.0456
2442269.LOFI	GS	140.0	140.27	0	0.418655	0.035007	8.0000	480.2418	12.7883
2673896.LOFI	GS	129.5	129.03	0	0.676893	0.011697	8.0000	430.3594	16.9557
2676246.LOFI	GS	140.0	140.08	0	0.372764	0.057698	8.0000	190.2694	11.0630
2676506.LOFI	GS	126.0	62.94	2	0.000011	0.013968	8.0000	2108.1672	37.8122
2677224.LOFI	GS	126.0	125.99	0	0.824283	0.006190	8.0000	441.5508	14.1611
2702022.LOFI	GS	144.0	143.99	0	0.826409	0.007202	8.0000	1073.7006	27.2052
2703359.LOFI	GS	174.0	174.07	0	0.319897	0.007252	8.0000	579.8970	16.3523
2704868.LOFI	GS	64.0	132.18	1	0.193286	0.004103	8.0000	525.3452	19.0682
2706792.LOFI	GS	172.0	172.99	0	0.460687	0.037198	8.0000	281.3133	16.6089
2720752.LOFI	GS	111.0	149.3	-1	0.476369	0.015439	8.0000	456.5299	12.2700
2725284.LOFI	GS	175.0	174.97	0	0.506994	0.019442	8.0000	350.4930	12.3826
2725286.LOFI	GS	175.0	175.0	0	0.462566	0.023141	8.0000	200.2445	11.2411
2725352.LOFI	GS	141.0	140.12	0	0.445361	0.016947	8.0000	754.1423	16.4086
2725358.LOFI	GS	140.0	140.0	0	0.256018	0.004927	8.0000	1095.9153	20.2465
2725361.LOFI	GS	141.0	140.15	0	0.423256	0.025027	8.0000	263.9643	16.7232
2726350.LOFI	GS	128.0	117.6	-1	0.442756	0.010981	8.0000	1065.9741	14.0952
2726353.LOFI	GS	128.0	117.62	-1	0.526518	0.008884	8.0000	1395.4481	28.3985
2726355.LOFI	GS	128.0	117.66	-1	0.705556	0.009373	8.0000	1472.6036	19.1150
2734649.LOFI	GS	174.0	174.09	0	0.462934	0.027498	8.0000	338.5907	13.7545
2734862.LOFI	GS	180.0	135.36	-1	0.477722	0.000186	8.0000	1590.1627	23.7653
2741734.LOFI	GS	180.0	178.41	0	0.438646	0.057482	8.0000	574.1128	15.0058
2745205.LOFI	GS	127.0	116.66	-1	0.547856	0.008735	8.0000	738.5519	12.2005
2751688.LOFI	GS	120.0	120.01	0	0.463626	0.004226	8.0000	319.6260	15.2890
2757093.LOFI	GS	80.0	159.97	1	0.464142	0.004437	8.0000	998.6321	23.8822
2759853.LOFI	GS	128.0	129.75	0	0.546464	0.026063	8.0000	292.4774	15.1747
278893.LOFI	GS	145.0	147.32	0	0.487888	0.021220	8.0000	774.9044	17.1235
28952.LOFI	GS	137.6	68.81	2	0.307593	0.000072	8.0000	265.0971	23.2359
2992360.LOFI	GS	123.0	122.82	0	0.629242	0.029420	8.0000	673.1133	14.7897
3013673.LOFI	GS	157.0	157.18	0	0.291469	0.007501	8.0000	900.4464	22.1760
3013772.LOFI	GS	165.0	124.28	-1	0.671622	0.021978	8.0000	1574.8718	25.5542
3016341.LOFI	GS	128.0	127.73	0	0.479084	0.043158	8.0000	232.7386	13.0795
3023605.LOFI	GS	145.0	133.25	-1	0.577435	0.000312	8.0000	1191.0649	34.6321
3040535.LOFI	GS	140.0	140.18	0	0.536140	0.029035	8.0000	403.1592	15.8835
3041381.LOFI	GS	119.0	67.27	-1	0.455078	0.001781	8.0000	1398.3140	36.9895
3041383.LOFI	GS	176.0	185.86	-1	0.000965	0.001145	8.0000	1910.4871	68.5665
3058700.LOFI	GS	70.0	140.18	1	0.617440	0.012079	8.0000	660.2977	19.8956
3059880.LOFI	GS	128.0	126.0	0	0.273840	0.012946	8.0000	678.4297	20.5628
3062661.LOFI	GS	85.0	169.1	1	0.690077	0.028505	8.0000	259.9162	12.1916
3069960.LOFI	GS	140.0	178.3	-1	0.280892	0.043434	8.0000	377.3952	18.2164
3079792.LOFI	GS	75.0	149.8	1	0.168092	0.045959	8.0000	254.4414	15.2322
3088145.LOFI	GS	63.0	127.01	1	0.304327	0.000192	8.0000	1417.4272	35.0940
3089629.LOFI	GS	86.5	173.58	1	0.441912	0.033009	8.0000	398.8681	15.8541
3091433.LOFI	GS	140.0	140.12	0	0.594174	0.029700	8.0000	433.0606	17.5604
3091814.LOFI	GS	120.0	124.97	-1	0.677699	0.007586	8.0000	1567.0575	22.9074
3097674.LOFI	GS	140.0	139.98	0	0.225168	0.017643	8.0000	1450.8599	18.8751
3101046.LOFI	GS	174.0	173.73	0	0.556463	0.015970	8.0000	1141.6226	15.4237
310291.LOFI	GS	140.0	141.27	0	0.186256	0.007990	8.0000	988.0336	21.2181
3109241.LOFI	GS	140.0	139.45	0	0.362271	0.027702	8.0000	443.5950	16.5629
3116297.LOFI	GS	140.0	140.25	0	0.457995	0.053226	8.0000	181.1712	13.4017
3124242.LOFI	GS	130.0	86.6	-1	0.606257	0.019998	8.0000	404.9150	11.4757
3125254.LOFI	GS	140.0	139.52	0	0.226203	0.079723	8.0000	634.8832	15.1162
3128068.LOFI	GS	128.0	127.64	0	0.671382	0.019982	8.0000	1428.0408	24.4331
3128701.LOFI	GS	140.0	140.03	0	0.485557	0.020611	8.0000	204.2534	12.2809
3130573.LOFI	GS	175.0	175.06	0	0.505325	0.008753	8.0000	839.2888	23.8717
3134837.LOFI	GS	138.0	139.74	0	0.354341	0.080112	8.0000	174.6752	10.6415
3151015.LOFI	GS	174.0	175.2	0	0.410252	0.045304	8.0000	412.4104	12.4067
3158774.LOFI	GS	166.0	99.31	-1	0.675173	0.001733	8.0000	1387.7056	30.9696
3165747.LOFI	GS	140.0	140.19	0	0.361365	0.094299	8.0000	146.8646	10.3212
3167057.LOFI	GS	85.0	175.33	1	0.628928	0.030525	8.0000	403.0766	11.7214
3169408.LOFI	GS	113.0	166.17	-1	0.327036	0.024069	8.0000	745.1542	17.7605
3173482.LOFI	GS	165.0	165.0	0	0.253823	0.052758	8.0000	734.4550	13.8086
3173803.LOFI	GS	186.0	185.87	0	0.612648	0.024753	8.0000	824.6313	17.1481
3181214.LOFI	GS	140.0	139.62	0	0.395461	0.035582	8.0000	518.4143	14.1558
3188462.LOFI	GS	115.0	115.1	0	0.333521	0.009575	8.0000	629.5883	16.1639
3189712.LOFI	GS	170.0	113.32	-1	0.417045	0.058728	8.0000	454.9641	10.8967
3190021.LOFI	GS	180.0	120.0	-1	0.097989	0.002213	8.0000	983.7878	32.3660
3190084.LOFI	GS	174.0	174.06	0	0.245420	0.012409	8.0000	761.6845	17.7157
3194652.LOFI	GS	177.7	175.04	0	0.465224	0.043885	8.0000	699.1843	21.2645
3202338.LOFI	GS	80.0	80.16	0	0.686247	0.001699	8.0000	417.5575	15.9901
3208076.LOFI	GS	107.0	127.21	-1	0.818427	0.006737	8.0000	872.1700	16.6817
3209004.LOFI	GS	129.0	119.73	-1	0.620082	0.025639	8.0000	266.7511	12.7861
3209061.LOFI	GS	174.0	174.05	0	0.655848	0.019337	8.0000	1318.5884	19.2844
3211234.LOFI	GS	140.0	140.15	0	0.439990	0.004757	8.0000	866.5721	17.2481
3213176.LOFI	GS	174.0	174.02	0	0.485489	0.034805	8.0000	605.9548	12.3574
3218565.LOFI	GS	200.0	127.44	-1	0.187029	0.049534	8.0000	93.5444	8.5185
3218804.LOFI	GS	174.0	140.17	-1	0.684090	0.031031	8.0000	323.1021	11.2002
3220340.LOFI	GS	140.0	139.4	0	0.389374	0.035288	8.0000	323.6205	12.2725
3226171.LOFI	GS	160.0	106.68	-1	0.729334	0.016171	8.0000	257.3008	14.1188
3226172.LOFI	GS	69.0	138.0	1	0.189767	0.054723	8.0000	474.5196	12.8515
3226180.LOFI	GS	180.0	139.98	-1	0.086524	0.016213	8.0000	592.0895	16.0517
3230477.LOFI	GS	101.0	104.82	0	0.537102	0.001901	8.0000	622.4509	21.7712
3230949.LOFI	GS	140.0	140.15	0	0.544097	0.002528	8.0000	1096.4194	19.0417
3241615.LOFI	GS	140.0	139.94	0	0.373696	0.009043	8.0000	745.8189	21.8262
3244386.LOFI	GS	140.0	93.53	-1	0.841543	0.000968	8.0000	613.1979	21.4010
3247762.LOFI	GS	170.0	170.72	0	0.473216	0.045214	8.0000	1248.0098	15.3213
3261686.LOFI	GS	128.0	127.95	0	0.376245	0.028050	8.0000	1072.3838	20.4745
3261883.LOFI	GS	140.0	186.71	-1	0.253999	0.092526	8.0000	731.6911	13.4717
3264338.LOFI	GS	138.0	139.2	0	0.413348	0.035734	8.0000	487.5307	13.7612
3267829.LOFI	GS	140.0	139.94	0	0.417708	0.023292	8.0000	750.7131	14.7657
3269490.LOFI	GS	140.0	139.98	0	0.683722	0.006310	8.0000	1055.9608	16.9424
3269670.LOFI	GS	140.0	126.03	-1	0.439757	0.047087	8.0000	666.1996	13.2805
3281282.LOFI	GS	160.0	106.65	-1	0.773112	0.009317	8.0000	607.2160	16.3027
3289180.LOFI	GS	80.0	159.99	1	0.726714	0.001080	8.0000	755.9244	15.6107
3291017.LOFI	GS	140.0	140.98	0	0.353170	0.033382	8.0000	135.9974	10.4053
3297802.LOFI	GS	126.0	168.0	-1	0.292092	0.016569	8.0000	1172.4675	38.9833
3298908.LOFI	GS	63.5	63.53	0	0.912574	0.001772	8.0000	893.4273	11.5236
3303241.LOFI	GS	132.0	176.03	-1	0.538580	0.037483	8.0000	529.3582	14.0538
3304445.LOFI	GS	140.0	140.04	0	0.530002	0.014421	8.0000	408.0889	15.4338
3312045.LOFI	GS	170.0	169.54	0	0.484877	0.010707	8.0000	477.2999	19.1262
3313129.LOFI	GS	170.0	169.63	0	0.879042	0.001111	8.0000	1139.1191	19.0792
3317417.LOFI	GS	96.0	127.81	-1	0.497581	0.031091	8.0000	648.5638	15.0825
3333492.LOFI	GS	120.0	120.12	0	0.546581	0.010026	8.0000	1100.8701	16.0990
333579.LOFI	GS	140.0	140.21	0	0.461522	0.069987	8.0000	195.4816	11.5992
3336126.LOFI	GS	128.0	126.0	0	0.155831	0.018144	8.0000	912.1485	14.7753
3336604.LOFI	GS	170.0	170.05	0	0.302545	0.091625	8.0000	286.7625	14.4430
3343760.LOFI	GS	175.0	174.94	0	0.332777	0.036771	8.0000	384.7623	10.9174
3344148.LOFI	GS	110.0	143.18	-1	0.002067	0.024607	8.0000	2806.6494	36.5200
3349486.LOFI	GS	140.0	140.15	0	0.672378	0.000184	8.0000	1322.7476	36.5139
3368053.LOFI	GS	128.0	117.61	-1	0.788613	0.000974	8.0000	1733.0990	21.5158
3368054.LOFI	GS	127.0	116.67	-1	0.847006	0.001104	8.0000	1341.8549	19.5692
3368055.LOFI	GS	127.0	116.66	-1	0.865670	0.001338	8.0000	1424.1741	15.6811
3370500.LOFI	GS	85.0	127.32	-1	0.579023	0.015133	8.0000	562.0845	14.2044
3372883.LOFI	GS	128.0	131.02	0	0.508145	0.012375	8.0000	211.2468	15.0444
3377892.LOFI	GS	174.0	174.0	0	0.485744	0.022904	8.0000	1633.8907	15.6941
3383105.LOFI	GS	85.0	160.02	-1	0.663087	0.001495	8.0000	323.2517	20.3793
3387888.LOFI	GS	174.0	174.03	0	0.526890	0.008634	8.0000	804.7245	20.9257
3391054.LOFI	GS	199.0	139.95	-1	0.198197	0.040278	8.0000	441.7944	15.9531
3398611.LOFI	GS	123.0	123.05	0	0.494006	0.003550	8.0000	1010.8383	21.2685
3403794.LOFI	GS	190.0	189.82	0	0.241197	0.054799	8.0000	286.1674	14.2672
3405537.LOFI	GS	126.0	126.02	0	0.648605	0.027272	8.0000	554.1306	11.7805
3409480.LOFI	GS	124.0	122.04	0	0.652481	0.000139	8.0000	875.1470	27.0889
3412362.LOFI	GS	130.0	119.45	-1	0.644510	0.019098	8.0000	152.7016	9.2015
3414605.LOFI	GS	125.0	124.61	0	0.000117	0.001456	8.0000	888.2909	20.6130
3414746.LOFI	GS	85.5	171.03	1	0.667012	0.091187	8.0000	295.9153	12.2948
3419452.LOFI	GS	140.0	139.89	0	0.362253	0.040343	8.0000	1306.3413	16.0319
3428474.LOFI	GS	120.0	120.91	0	0.451183	0.038633	8.0000	485.8597	15.3381
3433621.LOFI	GS	85.0	169.1	1	0.150698	0.017642	8.0000	1216.0142	22.8121
3435022.LOFI	GS	128.0	170.68	-1	0.385326	0.005974	8.0000	773.2236	15.5288
3439626.LOFI	GS	174.0	174.0	0	0.572333	0.021061	8.0000	262.6214	15.3119
3443201.LOFI	GS	136.0	136.02	0	0.405381	0.046376	8.0000	253.2926	10.7678
344470.LOFI	GS	120.0	119.98	0	0.644358	0.006342	8.0000	477.3996	15.8839
3453642.LOFI	GS	175.0	173.96	0	0.513473	0.019983	8.0000	810.7296	19.8001
3460093.LOFI	GS	170.0	169.56	0	0.439798	0.051397	8.0000	382.4344	14.1473
3460094.LOFI	GS	170.0	169.59	0	0.308027	0.026908	8.0000	594.2813	13.6724
3467867.LOFI	GS	172.0	172.94	0	0.582241	0.007552	8.0000	540.4381	11.8747
3471827.LOFI	GS	174.0	174.86	0	0.377056	0.047245	8.0000	544.1116	13.2915
3475669.LOFI	GS	140.0	139.83	0	0.591757	0.018481	8.0000	1510.2952	21.6729
3475672.LOFI	GS	86.0	175.15	1	0.382021	0.029015	8.0000	989.6890	18.5996
3480108.LOFI	GS	130.0	130.03	0	0.522642	0.065372	8.0000	612.4620	13.8720
3482508.LOFI	GS	174.0	174.05	0	0.577009	0.031359	8.0000	617.7067	13.9419
3482510.LOFI	GS	85.0	170.17	1	0.684956	0.059815	8.0000	1099.1915	12.7779
3482733.LOFI	GS	173.0	173.2	0	0.647464	0.016374	8.0000	572.5447	17.5081
3484119.LOFI	GS	122.0	128.06	-1	0.548906	0.019571	8.0000	739.4063	13.1478
3485917.LOFI	GS	140.0	139.8	0	0.445821	0.016698	8.0000	204.7204	11.4691
3486206.LOFI	GS	175.0	170.15	0	0.446429	0.003722	8.0000	1148.1829	15.1501
3492833.LOFI	GS	140.0	139.52	0	0.360133	0.012801	8.0000	1124.1307	24.1552
3493047.LOFI	GS	70.0	139.87	1	0.754308	0.000273	8.0000	1158.4431	21.7314
3509304.LOFI	GS	175.0	175.05	0	0.504311	0.022497	9.0000	1082.4341	15.1660
3511308.LOFI	GS	150.0	147.99	0	0.327728	0.078493	8.0000	567.5155	12.7798
3512227.LOFI	GS	140.0	140.09	0	0.339981	0.085717	8.0000	81.2931	9.1233
3519546.LOFI	GS	83.0	166.02	1	0.708911	0.014611	8.0000	588.1848	14.5155
3520036.LOFI	GS	120.0	120.02	0	0.612166	0.002531	8.0000	1304.0930	24.9408
3530058.LOFI	GS	135.23	166.72	-1	0.375723	0.028132	8.0000	283.1171	11.9919
3534448.LOFI	GS	140.0	140.1	0	0.591109	0.004927	8.0000	904.1439	19.1089
3535112.LOFI	GS	128.0	128.31	0	0.360780	0.015730	8.0000	1112.4037	18.8478
3535520.LOFI	GS	100.0	109.94	-1	0.402205	0.040914	8.0000	1080.6415	16.9203
3558940.LOFI	GS	139.0	140.08	0	0.387472	0.002605	8.0000	423.9979	16.0024
3564559.LOFI	GS	170.0	169.1	0	0.088860	0.038867	8.0000	399.2710	17.4211
3565815.LOFI	GS	128.0	170.58	-1	0.383646	0.072178	8.0000	123.4075	11.7845
3566606.LOFI	GS	148.0	148.01	0	0.291402	0.072003	8.0000	531.8919	14.0674
3574815.LOFI	GS	140.0	140.4	0	0.311253	0.036125	8.0000	463.7210	17.6775
3577628.LOFI	GS	140.0	140.12	0	0.699819	0.023701	8.0000	635.5526	12.6797
3577631.LOFI	GS	140.0	139.43	0	0.790690	0.025629	8.0000	852.5941	14.5843
3593643.LOFI	GS	172.0	173.69	0	0.483716	0.018845	8.0000	562.0537	21.1133
3596904.LOFI	GS	130.0	130.1	0	0.642101	0.004982	8.0000	1442.5427	21.0555
3605780.LOFI	GS	140.0	186.75	-1	0.290059	0.070770	8.0000	129.6421	9.7736
3612407.LOFI	GS	140.0	139.8	0	0.407264	0.047850	8.0000	511.3237	20.8174
3618176.LOFI	GS	173.0	174.02	0	0.353835	0.066568	8.0000	180.2528	10.7779
3621649.LOFI	GS	176.0	175.97	0	0.328274	0.032196	8.0000	351.2939	13.5180
3629920.LOFI	GS	175.0	175.15	0	0.592855	0.003766	8.0000	1040.9827	16.1922
3630279.LOFI	GS	173.0	173.09	0	0.408872	0.013821	8.0000	1026.5474	32.4067
3630280.LOFI	GS	174.0	174.7	0	0.394568	0.015854	8.0000	794.4840	18.2206
3638589.LOFI	GS	170.0	128.41	-1	0.735027	0.001117	8.0000	1018.6218	18.8595
3640677.LOFI	GS	140.0	72.4	2	0.542882	0.016188	8.0000	955.0253	16.5946
3642438.LOFI	GS	172.0	173.67	0	0.689917	0.010851	8.0000	462.0536	13.5843
3649527.LOFI	GS	90.0	179.59	1	0.579557	0.002792	8.0000	742.5414	19.7409
3649559.LOFI	GS	175.0	175.05	0	0.527202	0.055370	8.0000	584.0784	20.8995
3650152.LOFI	GS	123.0	125.08	0	0.662661	0.003308	8.0000	852.8639	21.4916
3651620.LOFI	GS	135.0	132.29	0	0.401841	0.016908	8.0000	506.3666	16.1958
3655121.LOFI	GS	140.0	139.7	0	0.540901	0.008530	8.0000	578.6611	19.7108
3656301.LOFI	GS	174.0	174.1	0	0.473219	0.032394	8.0000	351.1382	13.2876
3658743.LOFI	GS	72.0	144.0	1	0.532677	0.000131	8.0000	889.0372	26.7114
365981.LOFI	GS	140.0	139.45	0	0.544072	0.054867	8.0000	97.7840	10.4847
3660450.LOFI	GS	140.0	140.15	0	0.055849	0.010880	8.0000	495.7378	17.5839
3661855.LOFI	GS	170.0	173.0	0	0.512890	0.015484	8.0000	1116.4978	17.4014
3665864.LOFI	GS	140.0	138.73	0	0.392268	0.015146	8.0000	497.7007	17.4412
3674961.LOFI	GS	140.0	140.21	0	0.529304	0.060597	8.0000	267.4541	9.3981
3678548.LOFI	GS	128.0	125.05	0	0.245219	0.018339	8.0000	399.2904	15.1111
3682931.LOFI	GS	140.0	140.15	0	0.289781	0.062029	8.0000	414.3993	15.1775
368533.LOFI	GS	140.0	140.12	0	0.468057	0.055124	8.0000	156.2804	10.3384
3692859.LOFI	GS	126.0	63.43	2	0.904511	0.016089	8.0000	597.1209	10.0571
3696445.LOFI	GS	147.0	147.05	0	0.682051	0.011550	8.0000	724.8147	23.9069
3703893.LOFI	GS	125.0	124.87	0	0.514243	0.035134	8.0000	318.8298	16.5905
3706845.LOFI	GS	70.0	140.17	1	0.359691	0.052517	8.0000	727.6569	18.8147
3711752.LOFI	GS	133.0	104.19	-1	0.332100	0.013145	8.0000	556.8590	18.5023
3721308.LOFI	GS	140.0	140.07	0	0.434139	0.041717	8.0000	234.1612	10.9860
3724279.LOFI	GS	140.0	139.95	0	0.326964	0.053179	8.0000	979.1219	17.6756
3725208.LOFI	GS	172.0	174.09	0	0.521850	0.023605	8.0000	568.2698	13.1981
3730279.LOFI	GS	126.0	125.99	0	0.269356	0.015432	8.0000	1075.4091	21.4829
3733281.LOFI	GS	70.0	139.95	1	0.773390	0.001857	8.0000	1345.8098	18.3364
3741346.LOFI	GS	126.0	72.82	-1	0.674408	0.003552	8.0000	837.3250	15.0988
3742708.LOFI	GS	148.0	147.67	0	0.597507	0.023423	8.0000	261.8760	12.4476
3743957.LOFI	GS	85.0	170.1	1	0.547597	0.031170	8.0000	532.7675	15.6681
3746398.LOFI	GS	170.0	172.0	0	0.344418	0.058995	8.0000	370.8324	12.7623
3752371.LOFI	GS	140.0	139.3	0	0.493832	0.021479	8.0000	659.7105	14.1662
3754674.LOFI	GS	140.0	140.24	0	0.416279	0.129009	8.0000	1578.0123	11.8445
3766995.LOFI	GS	95.0	126.69	-1	0.623451	0.012240	8.0000	398.4585	16.9268
3783220.LOFI	GS	150.0	147.54	0	0.335489	0.082869	8.0000	189.1642	10.5434
3787878.LOFI	GS	132.0	119.74	-1	0.816629	0.005721	8.0000	780.8438	11.6384
3789981.LOFI	GS	80.0	173.12	-1	0.547563	0.012996	8.0000	649.5245	19.1010
3790342.LOFI	GS	175.0	175.17	0	0.374345	0.099074	8.0000	1003.2683	20.0429
3792954.LOFI	GS	95.9	127.75	-1	0.414448	0.043556	8.0000	345.3657	14.7386
3801596.LOFI	GS	140.0	66.7	-1	0.590914	0.030622	8.0000	919.7023	17.6062
3807114.LOFI	GS	125.0	123.89	0	0.459671	0.002069	8.0000	565.8544	21.2159
3809763.LOFI	GS	148.0	147.62	0	0.564916	0.030850	8.0000	380.2955	14.1810
3813277.LOFI	GS	110.0	146.57	-1	0.360659	0.040891	8.0000	312.6344	15.2271
3818797.LOFI	GS	132.0	139.06	-1	0.211569	0.024200	8.0000	941.2069	19.0806
3819089.LOFI	GS	173.0	173.65	0	0.745594	0.003573	8.0000	781.6437	24.0887
3824612.LOFI	GS	126.0	189.76	-1	0.432003	0.011927	8.0000	471.9455	14.2996
3828895.LOFI	GS	148.0	147.38	0	0.520749	0.027778	8.0000	486.8353	13.3758
3829043.LOFI	GS	85.0	168.47	1	0.776562	0.002403	8.0000	399.9943	14.5331
3835017.LOFI	GS	175.0	174.97	0	0.389941	0.070536	8.0000	182.1368	11.2571
3853293.LOFI	GS	140.0	140.09	0	0.439045	0.040099	8.0000	343.9321	11.1260
3853477.LOFI	GS	140.0	140.15	0	0.677146	0.025923	8.0000	598.3345	15.2564
3863423.LOFI	GS	140.0	140.22	0	0.489333	0.050097	8.0000	624.0428	14.2181
3863498.LOFI	GS	75.0	148.18	1	0.653333	0.014205	8.0000	1170.3849	19.4428
3865706.LOFI	GS	140.0	140.15	0	0.622424	0.051015	8.0000	606.7462	16.7540
3871968.LOFI	GS	172.0	173.17	0	0.359551	0.053218	8.0000	511.0804	10.6808
3873406.LOFI	GS	128.0	119.75	-1	0.530355	0.008543	8.0000	386.9489	20.2276
3873575.LOFI	GS	175.0	174.97	0	0.535378	0.066757	8.0000	955.3305	15.8753
3875632.LOFI	GS	140.0	140.11	0	0.764807	0.041649	8.0000	772.3944	21.6123
3875836.LOFI	GS	172.5	172.95	0	0.252552	0.072282	8.0000	740.7522	21.0782
3877057.LOFI	GS	160.0	160.03	0	0.415680	0.004777	8.0000	605.2686	18.6129
3879813.LOFI	GS	140.0	141.88	0	0.633378	0.004041	8.0000	539.9047	17.4838
3883083.LOFI	GS	126.0	126.05	0	0.500355	0.027002	8.0000	593.2416	18.5696
3883902.LOFI	GS	126.0	126.05	0	0.558367	0.003684	8.0000	543.2900	14.2147
3886051.LOFI	GS	140.0	140.08	0	0.373484	0.043410	8.0000	382.3932	14.9241
3886124.LOFI	GS	87.0	174.54	1	0.488227	0.033687	8.0000	395.3657	12.9634
3889689.LOFI	GS	128.0	175.16	-1	0.513413	0.010764	8.0000	2261.8562	32.0972
3892740.LOFI	GS	128.0	127.98	0	0.505460	0.033586	8.0000	452.1939	15.0294
3902915.LOFI	GS	128.0	177.29	-1	0.868874	0.000237	8.0000	1938.1219	23.2734
3907042.LOFI	GS	170.0	169.44	0	0.300212	0.036486	8.0000	639.3138	16.2151
3914630.LOFI	GS	172.0	173.65	0	0.864132	0.000337	8.0000	814.3588	20.6803
3920460.LOFI	GS	180.0	135.34	-1	0.597577	0.009224	8.0000	411.2112	14.1875
3928924.LOFI	GS	126.0	128.9	0	0.447417	0.015716	8.0000	526.4755	17.0056
3942754.LOFI	GS	148.0	147.84	0	0.390422	0.031897	8.0000	1114.2795	19.3888
3958395.LOFI	GS	135.0	135.03	0	0.493535	0.001586	8.0000	1086.1931	25.3929
3961040.LOFI	GS	126.0	125.99	0	0.622221	0.012135	8.0000	439.2508	11.5435
3961797.LOFI	GS	124.0	123.99	0	0.583272	0.007210	8.0000	418.4085	11.2173
3962200.LOFI	GS	120.0	120.0	0	0.517102	0.006871	8.0000	480.5862	14.8642
3964688.LOFI	GS	124.0	138.32	-1	0.797891	0.000004	8.0000	1234.4833	22.2522
3970827.LOFI	GS	180.0	173.38	0	0.726166	0.004508	8.0000	1071.0487	16.1736
3980001.LOFI	GS	53.0	166.03	-1	0.592254	0.001833	8.0000	1096.3281	17.4111
3981797.LOFI	GS	128.0	126.98	0	0.621362	0.003465	8.0000	1385.6138	18.5224
3983645.LOFI	GS	110.0	146.7	-1	0.432980	0.025501	8.0000	409.0447	14.8686
3983646.LOFI	GS	140.0	139.84	0	0.376055	0.048721	8.0000	596.3214	18.7380
400259.LOFI	GS	173.0	173.41	0	0.569316	0.040890	8.0000	544.0162	10.9059
4004314.LOFI	GS	80.0	64.02	-1	0.674628	0.020668	8.0000	1358.6066	14.8669
4004668.LOFI	GS	128.0	170.51	-1	0.356008	0.014012	8.0000	422.0345	15.5548
4005630.LOFI	GS	150.0	100.07	-1	0.496506	0.018879	8.0000	924.1017	16.5283
4006551.LOFI	GS	144.0	144.03	0	0.777625	0.008474	8.0000	1410.1340	22.1592
4012083.LOFI	GS	167.0	166.68	0	0.406288	0.009885	8.0000	586.4388	16.3892
4014747.LOFI	GS	125.0	120.03	0	0.715491	0.006696	8.0000	374.5842	14.4029
4014749.LOFI	GS	125.0	120.72	0	0.864519	0.005417	8.0000	534.1837	14.6266
4017608.LOFI	GS	101.0	200.0	1	0.431166	0.005803	8.0000	550.0425	18.4197
4017611.LOFI	GS	73.0	146.37	1	0.300133	0.007146	8.0000	1042.6340	27.7171
4017781.LOFI	GS	126.0	126.0	0	0.436246	0.015901	8.0000	458.5879	16.1262
4017892.LOFI	GS	124.0	124.05	0	0.879145	0.001823	8.0000	988.9001	18.3341
4017909.LOFI	GS	112.0	112.02	0	0.534498	0.002049	8.0000	833.6964	23.5998
4018082.LOFI	GS	122.0	122.07	0	0.686864	0.017253	8.0000	1002.2659	20.7015
4018083.LOFI	GS	123.0	122.55	0	0.857013	0.008653	8.0000	573.6617	13.6759
4018084.LOFI	GS	122.0	121.96	0	0.749656	0.005041	8.0000	136.0582	11.6981
4018085.LOFI	GS	122.0	122.03	0	0.813606	0.016441	8.0000	857.5890	13.2110
4018247.LOFI	GS	95.0	63.36	-1	0.324185	0.001417	8.0000	732.8564	21.5331
4020698.LOFI	GS	140.0	140.15	0	0.557227	0.048334	8.0000	824.1671	16.4219
4029289.LOFI	GS	87.5	175.12	1	0.517349	0.018234	8.0000	1268.1439	16.7477
4029970.LOFI	GS	143.55	142.43	0	0.225988	0.003923	8.0000	740.1691	20.2005
4031300.LOFI	GS	123.0	126.01	0	0.705110	0.000294	8.0000	1299.7877	17.9826
4032006.LOFI	GS	145.0	127.99	-1	0.628791	0.020316	8.0000	437.3326	11.7028
4033240.LOFI	GS	145.0	70.0	2	0.324062	0.055179	8.0000	297.4100	13.6943
4035020.LOFI	GS	123.0	122.97	0	0.560327	0.033908	8.0000	298.0664	11.3211
4038987.LOFI	GS	140.0	140.04	0	0.559108	0.010112	8.0000	425.5206	11.7694
4043892.LOFI	GS	175.0	185.11	-1	0.594157	0.011534	8.0000	281.2590	16.5961
4044590.LOFI	GS	100.0	100.0	0	0.589429	0.003543	8.0000	516.7100	17.9477
4044591.LOFI	GS	158.0	120.27	-1	0.633912	0.004964	8.0000	1005.0191	19.2677
4045981.LOFI	GS	127.0	126.01	0	0.367966	0.009826	8.0000	619.2808	16.9326
4047428.LOFI	GS	128.0	125.98	0	0.524788	0.007820	8.0000	1215.7430	13.5874
4067151.LOFI	GS	140.0	69.96	2	0.309504	0.045491	8.0000	110.4435	9.8348
4071447.LOFI	GS	140.0	140.13	0	0.390657	0.011805	8.0000	415.7765	15.7125
4072499.LOFI	GS	174.0	173.98	0	0.586713	0.010489	8.0000	1133.0986	16.6861
4077896.LOFI	GS	136.0	135.95	0	0.214817	0.002388	8.0000	446.2950	19.3267
4086561.LOFI	GS	174.0	173.92	0	0.425752	0.017516	8.0000	1766.9916	25.2330
4091609.LOFI	GS	80.0	159.67	1	0.149574	0.013130	9.0000	340.9801	15.0241
4093057.LOFI	GS	65.0	129.34	1	0.403842	0.022821	8.0000	494.6053	15.4843
4093135.LOFI	GS	140.0	140.0	0	0.386080	0.052939	8.0000	377.0099	11.6428
4093555.LOFI	GS	92.0	73.57	-1	0.386323	0.024350	8.0000	1075.7112	21.4201
4101363.LOFI	GS	140.0	140.01	0	0.464761	0.049428	8.0000	179.6597	11.4588
4101447.LOFI	GS	140.0	140.43	0	0.328260	0.002508	8.0000	1151.6884	29.2721
4106593.LOFI	GS	140.0	140.13	0	0.454041	0.002181	8.0000	1101.4625	27.6439
4107957.LOFI	GS	93.0	61.92	-1	0.000875	0.011992	8.0000	1604.4314	29.6532
4117487.LOFI	GS	127.0	125.94	0	0.641761	0.006611	8.0000	358.9146	12.3493
4120277.LOFI	GS	128.0	159.7	-1	0.821586	0.002361	8.0000	790.0555	18.4556
4122833.LOFI	GS	140.0	140.12	0	0.607773	0.026275	8.0000	618.4015	16.7674
4136911.LOFI	GS	76.0	152.1	1	0.794081	0.003769	8.0000	525.5001	17.3126
4140514.LOFI	GS	147.0	148.04	0	0.735186	0.004198	8.0000	809.0859	17.1772
4140702.LOFI	GS	175.0	175.02	0	0.234189	0.074150	8.0000	228.4061	11.4179
4145229.LOFI	GS	140.0	139.88	0	0.289582	0.054921	8.0000	457.4618	10.9274
4149743.LOFI	GS	87.5	174.98	1	0.472723	0.039369	8.0000	434.0838	15.7756
4149811.LOFI	GS	140.0	139.77	0	0.271798	0.008524	8.0000	849.1192	21.2285
4151958.LOFI	GS	140.0	140.11	0	0.396325	0.013628	8.0000	343.2225	18.4271
4152109.LOFI	GS	124.0	128.15	0	0.655614	0.007769	8.0000	1079.7863	17.0528
4153394.LOFI	GS	80.0	165.34	1	0.540658	0.008041	8.0000	1134.1240	18.3690
4157075.LOFI	GS	140.0	139.99	0	0.337060	0.060778	8.0000	238.0594	10.8903
4161667.LOFI	GS	105.0	104.74	0	0.165124	0.008482	8.0000	2417.1750	26.0154
4162259.LOFI	GS	133.0	133.01	0	0.372939	0.013169	8.0000	526.2673	20.8329
4162274.LOFI	GS	120.0	119.95	0	0.575122	0.007255	8.0000	874.1278	16.7782
4162405.LOFI	GS	128.0	127.97	0	0.460880	0.041676	8.0000	357.6918	17.1037
4162511.LOFI	GS	124.0	124.01	0	0.555962	0.075578	8.0000	798.9476	13.6056
4163571.LOFI	GS	160.0	159.99	0	0.800209	0.001356	8.0000	1160.4955	15.4140
4163572.LOFI	GS	150.0	150.04	0	0.863363	0.001019	8.0000	1656.2032	21.3855
4163586.LOFI	GS	140.0	140.11	0	0.356616	0.069156	8.0000	1257.2990	16.1148
4163587.LOFI	GS	126.0	125.95	0	0.339121	0.016521	8.0000	1080.6082	17.8822
4163588.LOFI	GS	90.0	180.03	1	0.402170	0.020406	8.0000	610.7823	14.8980
4166222.LOFI	GS	122.0	122.0	0	0.413721	0.011226	8.0000	482.2114	14.8067
4166612.LOFI	GS	124.0	123.99	0	0.510734	0.013207	8.0000	336.9213	11.4798
4172572.LOFI	GS	87.0	174.25	1	0.490322	0.010321	8.0000	608.9430	14.6333
4186191.LOFI	GS	126.0	62.97	2	0.717075	0.000737	9.0000	576.5515	13.2713
4191591.LOFI	GS	138.0	139.73	0	0.390908	0.049717	8.0000	134.2635	10.6721
4192452.LOFI	GS	174.0	174.02	0	0.332149	0.046069	8.0000	390.0895	13.2969
4193623.LOFI	GS	92.0	129.81	-1	0.521726	0.005674	8.0000	826.6039	18.3548
4207348.LOFI	GS	128.0	125.99	0	0.707227	0.050696	8.0000	974.7692	16.4662
4214761.LOFI	GS	123.0	122.93	0	0.446934	0.015206	8.0000	281.6148	12.4677
4216184.LOFI	GS	140.0	140.15	0	0.437671	0.055022	8.0000	215.5339	11.7275
4218466.LOFI	GS	115.0	174.93	-1	0.620082	0.031722	8.0000	391.8333	13.7316
4226166.LOFI	GS	178.0	178.28	0	0.666300	0.025577	8.0000	423.8315	13.5967
4226227.LOFI	GS	140.0	137.43	0	0.488515	0.010190	8.0000	836.8157	15.4310
4226434.LOFI	GS	140.0	140.34	0	0.372046	0.060678	8.0000	372.0437	11.8351
4231951.LOFI	GS	140.0	140.1	0	0.689981	0.014765	8.0000	721.9072	16.6850
4233696.LOFI	GS	120.0	150.42	-1	0.471569	0.001122	8.0000	1338.9631	18.2852
4235798.LOFI	GS	140.0	140.17	0	0.446515	0.029725	8.0000	263.3409	13.5119
4237913.LOFI	GS	125.0	156.65	-1	0.091664	0.001070	8.0000	407.2769	15.2509
4264210.LOFI	GS	82.0	123.08	-1	0.760716	0.002530	8.0000	1132.8657	20.9618
4264359.LOFI	GS	85.0	169.44	1	0.495489	0.000626	8.0000	390.6902	16.9919
4265125.LOFI	GS	175.0	175.47	0	0.737245	0.006060	8.0000	1174.3065	17.7745
426992.LOFI	GS	83.5	167.18	1	0.030852	0.022312	8.0000	566.9558	27.3610
4275052.LOFI	GS	126.4	126.04	0	0.377458	0.017434	8.0000	275.5101	17.7045
4279669.LOFI	GS	82.0	163.78	1	0.515627	0.005969	8.0000	1076.1013	29.4506
4283622.LOFI	GS	128.0	126.73	0	0.503667	0.028169	8.0000	331.7736	17.0047
4283854.LOFI	GS	175.0	174.94	0	0.287853	0.032146	8.0000	733.3173	16.2395
4284345.LOFI	GS	140.0	139.64	0	0.203520	0.037169	8.0000	1040.2102	17.6456
4288893.LOFI	GS	170.0	169.74	0	0.797895	0.000949	8.0000	2099.7056	51.1336
4297277.LOFI	GS	140.0	140.16	0	0.407174	0.024862	8.0000	205.1048	10.2722
4300617.LOFI	GS	128.0	128.38	0	0.583799	0.000004	8.0000	1648.9166	51.1902
4300619.LOFI	GS	132.0	131.88	0	0.446403	0.005007	8.0000	1226.5635	22.1225
4301518.LOFI	GS	173.0	173.96	0	0.408193	0.048020	8.0000	577.2308	14.7973
4304445.LOFI	GS	190.0	178.65	-1	0.473827	0.050288	8.0000	271.9978	11.3529
4313859.LOFI	GS	87.0	173.94	1	0.378682	0.010704	8.0000	365.9425	17.8117
4315749.LOFI	GS	130.0	129.8	0	0.428273	0.084594	8.0000	211.3281	11.4975
4323506.LOFI	GS	140.0	140.15	0	0.413536	0.064579	8.0000	978.4376	12.9487
4325441.LOFI	GS	128.0	170.67	-1	0.292528	0.059889	8.0000	892.0025	13.5518
4331667.LOFI	GS	170.0	174.05	0	0.553017	0.041384	8.0000	671.5639	15.1607
4332592.LOFI	GS	133.7	176.01	-1	0.494824	0.005384	8.0000	1118.9598	18.1591
4346730.LOFI	GS	173.0	173.66	0	0.329418	0.005615	8.0000	1330.9084	17.9031
4353566.LOFI	GS	126.0	120.01	-1	0.472213	0.007224	8.0000	400.1484	10.7494
4358231.LOFI	GS	132.0	133.84	0	0.860595	0.001647	8.0000	245.4685	10.5398
4360483.LOFI	GS	174.0	173.09	0	0.473082	0.031329	8.0000	1000.1725	16.0394
4360488.LOFI	GS	174.0	174.09	0	0.288684	0.033307	8.0000	626.2050	14.4989
4365752.LOFI	GS	87.0	175.23	1	0.574195	0.057078	8.0000	371.9226	11.9282
4366506.LOFI	GS	99.0	123.85	-1	0.811254	0.005116	8.0000	650.0888	17.5850
4372309.LOFI	GS	125.0	124.03	0	0.504064	0.001859	8.0000	635.7312	18.8407
4377106.LOFI	GS	129.0	139.92	-1	0.209856	0.060506	8.0000	452.0119	12.0205
4381717.LOFI	GS	140.0	175.14	-1	0.154373	0.038769	8.0000	792.0300	21.2599
4386702.LOFI	GS	126.0	126.2	0	0.807516	0.012914	8.0000	804.7666	11.8221
4397324.LOFI	GS	174.0	173.99	0	0.261102	0.084983	8.0000	645.5306	13.4322
4397469.LOFI	GS	175.0	174.99	0	0.508510	0.018603	8.0000	573.6478	17.3424
4398117.LOFI	GS	178.0	178.03	0	0.575171	0.012468	8.0000	1115.6008	16.0752
4399289.LOFI	GS	175.0	175.0	0	0.488212	0.020605	8.0000	589.5089	19.5157
4403315.LOFI	GS	140.0	139.82	0	0.450128	0.002153	8.0000	668.3610	16.4693
4403519.LOFI	GS	126.0	126.1	0	0.684740	0.002477	8.0000	770.6046	24.8444
4404346.LOFI	GS	190.0	189.82	0	0.250117	0.064146	8.0000	265.2155	11.3692
4407745.LOFI	GS	126.0	125.98	0	0.449183	0.008446	8.0000	507.9647	22.4983
4409752.LOFI	GS	174.0	174.03	0	0.532947	0.034226	8.0000	374.9599	11.6171
4411925.LOFI	GS	175.0	174.93	0	0.379049	0.042582	8.0000	467.2192	15.0978
4416336.LOFI	GS	185.0	185.28	0	0.370984	0.031698	8.0000	205.9622	14.1345
4416506.LOFI	GS	125.0	117.81	-1	0.699638	0.000053	8.0000	1069.7969	31.9160
4416888.LOFI	GS	89.0	178.05	1	0.735770	0.012730	8.0000	781.1754	17.5970
4416962.LOFI	GS	132.0	132.78	0	0.253484	0.103529	8.0000	249.8184	12.8128
4418582.LOFI	GS	172.0	129.26	-1	0.628595	0.031671	8.0000	294.0450	10.9186
4419049.LOFI	GS	140.0	140.13	0	0.470865	0.009849	8.0000	343.1003	14.6213
4420924.LOFI	GS	140.0	138.93	0	0.067628	0.012257	8.0000	1742.5712	19.3795
4426890.LOFI	GS	105.0	105.99	0	0.665580	0.002345	8.0000	1051.9430	20.0170
4427618.LOFI	GS	122.0	121.98	0	0.588114	0.039859	8.0000	395.3914	14.8421
4442121.LOFI	GS	126.0	126.0	0	0.625778	0.006643	8.0000	427.7739	22.2803
4446908.LOFI	GS	170.0	169.1	0	0.312368	0.063242	8.0000	351.9952	12.1516
4457771.LOFI	GS	140.0	140.05	0	0.076474	0.008016	8.0000	624.4649	13.9176
4459005.LOFI	GS	172.0	173.65	0	0.406074	0.007854	8.0000	683.2014	14.1410
4459187.LOFI	GS	130.0	127.89	0	0.664679	0.010259	8.0000	676.0921	15.6506
4460536.LOFI	GS	140.0	140.15	0	0.613284	0.022720	8.0000	388.4319	15.0443
4468729.LOFI	GS	80.0	106.64	-1	0.254630	0.054274	8.0000	379.5200	14.1477
4469489.LOFI	GS	173.0	173.24	0	0.393185	0.022961	8.0000	696.5665	15.3785
4469780.LOFI	GS	147.0	147.65	0	0.485109	0.021810	8.0000	465.2803	15.1377
4471292.LOFI	GS	175.0	175.0	0	0.313423	0.075351	8.0000	304.2301	12.2338
4471702.LOFI	GS	87.5	175.06	1	0.251075	0.073739	8.0000	762.5781	14.7015
4473065.LOFI	GS	124.0	119.98	0	0.402494	0.003081	8.0000	1168.5597	23.8791
4474027.LOFI	GS	174.0	174.08	0	0.321526	0.050517	8.0000	565.7794	13.1459
4474029.LOFI	GS	174.0	130.71	-1	0.364381	0.069506	8.0000	549.8065	12.0286
4475855.LOFI	GS	140.0	140.06	0	0.509248	0.017392	8.0000	504.5135	18.7894
4480118.LOFI	GS	128.0	126.28	0	0.001433	0.002116	8.0000	1248.9585	32.9047
4480454.LOFI	GS	86.0	169.1	1	0.631324	0.037079	8.0000	414.1956	11.0092
4483708.LOFI	GS	140.0	140.15	0	0.485070	0.029278	8.0000	874.1644	14.7064
4486124.LOFI	GS	175.0	175.0	0	0.414331	0.026893	8.0000	578.1604	19.0891
4486412.LOFI	GS	140.0	140.15	0	0.529513	0.008929	8.0000	1360.5081	21.3189
4489017.LOFI	GS	174.0	129.94	-1	0.510402	0.008327	8.0000	609.8331	17.3674
4493439.LOFI	GS	140.0	140.09	0	0.664393	0.043015	8.0000	197.3118	11.0349
4494659.LOFI	GS	127.0	127.04	0	0.445073	0.005339	8.0000	575.6724	14.4599
4495270.LOFI	GS	80.0	159.84	1	0.528400	0.052277	8.0000	466.4839	13.5619
4497852.LOFI	GS	99.0	147.36	-1	0.352013	0.033810	8.0000	354.0849	13.2975
4508138.LOFI	GS	126.0	168.0	-1	0.326805	0.000087	8.0000	826.5722	20.6028
4509910.LOFI	GS	140.0	140.1	0	0.264616	0.005019	8.0000	680.7216	19.4650
4512512.LOFI	GS	128.0	128.01	0	0.466056	0.023493	8.0000	579.3255	15.4777
4514851.LOFI	GS	148.0	147.36	0	0.385574	0.009274	8.0000	1061.5887	12.6799
4517258.LOFI	GS	82.0	109.33	-1	0.483278	0.004311	8.0000	386.5567	18.1449
4532060.LOFI	GS	85.0	175.72	1	0.379687	0.030223	8.0000	410.3775	14.1467
4540818.LOFI	GS	126.0	125.86	0	0.384226	0.012868	8.0000	426.4158	16.6864
4543103.LOFI	GS	128.0	127.82	0	0.676747	0.018053	8.0000	603.6638	12.9041
4547732.LOFI	GS	86.0	173.65	1	0.206639	0.049748	8.0000	553.1833	14.0575
4549757.LOFI	GS	174.0	173.96	0	0.551260	0.005983	8.0000	523.7510	14.5609
4558106.LOFI	GS	128.0	85.37	-1	0.497692	0.017786	8.0000	847.7009	18.9785
4559522.LOFI	GS	134.0	133.24	0	0.584497	0.026301	8.0000	717.0216	17.5837
4565270.LOFI	GS	125.0	122.23	0	0.717732	0.015082	8.0000	760.4554	13.3744
4566667.LOFI	GS	130.0	130.06	0	0.314143	0.057286	8.0000	469.0137	11.6856
4567978.LOFI	GS	148.0	147.56	0	0.676663	0.019269	8.0000	613.2023	16.7722
4567979.LOFI	GS	148.0	148.09	0	0.759652	0.005368	8.0000	726.8351	17.9527
4585539.LOFI	GS	140.0	139.69	0	0.491291	0.085967	8.0000	101.0855	8.8299
4586220.LOFI	GS	174.0	173.65	0	0.388857	0.013522	8.0000	287.8779	14.4663
4593850.LOFI	GS	124.0	127.29	0	0.712264	0.000865	8.0000	1323.7480	20.2918
4596215.LOFI	GS	120.0	120.01	0	0.226044	0.009336	8.0000	565.6246	17.8098
4604737.LOFI	GS	127.0	174.52	-1	0.014990	0.000008	8.0000	2359.5000	26.0251
4609093.LOFI	GS	140.0	187.1	-1	0.386988	0.000706	8.0000	1304.0430	19.7794
4609944.LOFI	GS	58.0	144.95	-1	0.307531	0.002519	8.0000	696.1366	17.0534
4610426.LOFI	GS	140.0	140.13	0	0.776972	0.008945	8.0000	649.3014	23.2321
4611640.LOFI	GS	125.0	124.94	0	0.450044	0.037043	8.0000	244.2647	15.0119
4623143.LOFI	GS	147.0	146.99	0	0.558403	0.014839	8.0000	543.0341	17.6282
4624663.LOFI	GS	165.0	110.21	-1	0.450486	0.008676	8.0000	1029.5868	27.9282
4625875.LOFI	GS	172.0	173.78	0	0.284320	0.038540	8.0000	887.3177	19.2384
4631727.LOFI	GS	148.0	147.63	0	0.537122	0.012572	8.0000	381.2616	13.7999
4633603.LOFI	GS	140.0	140.13	0	0.632025	0.043249	8.0000	617.0135	18.5264
4650113.LOFI	GS	118.0	117.97	0	0.682058	0.003133	8.0000	1413.3806	29.6852
4653852.LOFI	GS	140.0	139.66	0	0.494076	0.008663	8.0000	1990.3038	25.1366
4661735.LOFI	GS	80.0	106.56	-1	0.664965	0.013826	8.0000	661.5407	15.0372
4666231.LOFI	GS	174.0	174.09	0	0.544612	0.053810	8.0000	266.0300	10.6676
4667626.LOFI	GS	146.0	147.94	0	0.620137	0.012570	8.0000	525.7397	17.0203
4671406.LOFI	GS	126.0	126.02	0	0.783426	0.000683	8.0000	495.5733	19.4529
4671443.LOFI	GS	148.0	147.54	0	0.485677	0.044506	8.0000	866.6986	16.6956
4677606.LOFI	GS	144.0	144.0	0	0.595510	0.018880	8.0000	706.2780	14.7765
4678080.LOFI	GS	172.0	107.33	-1	0.468608	0.012376	8.0000	838.4703	14.8452
4693039.LOFI	GS	140.0	140.09	0	0.386563	0.015636	8.0000	248.9228	11.9781
4693198.LOFI	GS	126.0	126.01	0	0.373637	0.000162	8.0000	1429.7085	23.2381
4694833.LOFI	GS	143.0	142.96	0	0.825328	0.011165	8.0000	690.1814	14.7035
4696505.LOFI	GS	160.0	159.94	0	0.409010	0.018019	8.0000	600.0308	15.1483
4703149.LOFI	GS	110.0	110.0	0	0.452924	0.051981	8.0000	4210.0503	72.2740
4710576.LOFI	GS	175.0	174.97	0	0.462442	0.045582	8.0000	435.1156	11.1142
4711578.LOFI	GS	175.0	174.16	0	0.306308	0.035658	8.0000	1074.2288	19.4546
4714481.LOFI	GS	110.0	186.73	-1	0.798818	0.009817	8.0000	638.4592	15.3443
4723905.LOFI	GS	140.0	140.05	0	0.384130	0.088687	8.0000	404.1456	15.2036
4735587.LOFI	GS	140.0	139.15	0	0.343733	0.059203	8.0000	1057.7467	16.7350
4735758.LOFI	GS	140.0	139.59	0	0.326145	0.009738	8.0000	638.7509	19.9643
4743012.LOFI	GS	125.0	125.02	0	0.671252	0.007344	8.0000	983.9001	20.1885
4749611.LOFI	GS	128.0	127.84	0	0.477420	0.025956	8.0000	1349.1515	22.3919
4767260.LOFI	GS	170.0	174.51	0	0.450381	0.030455	8.0000	712.0872	19.2909
4772658.LOFI	GS	124.0	120.02	0	0.499021	0.017671	8.0000	787.0618	15.8669
4773857.LOFI	GS	140.0	139.27	0	0.320145	0.013860	8.0000	755.7991	21.2450
4773948.LOFI	GS	140.0	140.05	0	0.315568	0.047408	8.0000	574.2979	14.4863
4800274.LOFI	GS	140.0	139.55	0	0.306587	0.016216	8.0000	1027.9475	18.6433
4800275.LOFI	GS	140.0	140.12	0	0.761687	0.026257	8.0000	924.2507	15.5678
4810810.LOFI	GS	136.0	135.93	0	0.105074	0.074545	8.0000	110.3475	8.4040
4816604.LOFI	GS	139.82	140.18	0	0.401436	0.107763	8.0000	561.5568	13.3169
4823439.LOFI	GS	140.0	140.21	0	0.497234	0.030316	8.0000	1460.5377	19.6743
4823611.LOFI	GS	127.0	127.25	0	0.522786	0.000423	8.0000	978.0247	25.7646
4826952.LOFI	GS	140.0	140.07	0	0.283249	0.027775	8.0000	611.2587	12.1388
4826957.LOFI	GS	140.0	140.01	0	0.224076	0.050587	8.0000	572.8922	12.8800
4827285.LOFI	GS	172.0	173.65	0	0.664676	0.012207	8.0000	579.3255	15.0134
4827287.LOFI	GS	148.0	147.41	0	0.664262	0.014738	8.0000	213.5750	10.8169
4845088.LOFI	GS	180.0	179.48	0	0.371121	0.016823	8.0000	766.9833	17.9106
4850346.LOFI	GS	120.0	120.06	0	0.549545	0.003800	8.0000	449.4980	12.9959
4853692.LOFI	GS	126.0	189.61	-1	0.475326	0.009457	8.0000	761.0167	22.7095
4860099.LOFI	GS	140.0	139.56	0	0.408636	0.014428	8.0000	553.6948	18.4910
4861484.LOFI	GS	172.0	173.41	0	0.412898	0.021453	8.0000	768.0081	15.5467
4863146.LOFI	GS	110.0	110.03	0	0.482220	0.057815	8.0000	196.8333	10.5057
4875475.LOFI	GS	120.0	126.0	-1	0.508131	0.015242	9.0000	284.2862	12.5694
4884993.LOFI	GS	87.0	174.01	1	0.519851	0.049580	8.0000	1001.3380	16.0580
4896659.LOFI	GS	110.0	170.0	-1	0.342565	0.028271	8.0000	1160.1896	17.4557
4899365.LOFI	GS	170.0	107.95	-1	0.592604	0.004610	8.0000	1254.6116	17.3116
4921810.LOFI	GS	140.0	139.6	0	0.461000	0.033473	8.0000	1691.0248	26.7160
4936740.LOFI	GS	140.0	140.13	0	0.662968	0.007967	8.0000	614.9700	16.1262
4937390.LOFI	GS	140.0	140.06	0	0.365516	0.044614	8.0000	146.4429	9.7279
4947281.LOFI	GS	136.0	136.02	0	0.560366	0.004792	8.0000	1278.7610	18.2712
4951739.LOFI	GS	170.0	169.65	0	0.634868	0.001053	8.0000	1021.0211	27.9288
4955051.LOFI	GS	140.0	140.15	0	0.777407	0.004935	8.0000	591.3290	14.9373
4955053.LOFI	GS	140.0	140.15	0	0.695700	0.017160	8.0000	320.6704	13.3451
4960424.LOFI	GS	85.0	177.23	-1	0.706778	0.003352	8.0000	586.1360	19.6385
4969415.LOFI	GS	120.0	119.82	0	0.489386	0.014877	8.0000	652.1838	12.1546
4984238.LOFI	GS	115.0	153.34	-1	0.703144	0.004469	8.0000	865.9202	16.7944
4993934.LOFI	GS	140.0	140.15	0	0.572621	0.008009	8.0000	559.9586	19.0448
5024644.LOFI	GS	140.0	105.1	-1	0.629641	0.049787	8.0000	315.1356	12.9787
5039329.LOFI	GS	87.0	135.26	-1	0.561499	0.001757	8.0000	1134.3716	23.4892
5051606.LOFI	GS	128.0	128.12	0	0.569811	0.026812	8.0000	512.3110	16.5541
5068771.LOFI	GS	174.0	174.49	0	0.534966	0.014071	8.0000	503.2066	22.2203
5070846.LOFI	GS	140.0	109.96	-1	0.451879	0.023592	8.0000	359.1672	15.3621
5073839.LOFI	GS	174.0	173.45	0	0.261812	0.034519	8.0000	421.8570	14.8263
5076753.LOFI	GS	140.0	139.45	0	0.809482	0.010843	8.0000	323.8420	14.9560
5076821.LOFI	GS	172.0	174.26	0	0.516023	0.001604	8.0000	1269.0681	28.0400
5078640.LOFI	GS	171.0	170.0	0	0.248665	0.005823	8.0000	393.1929	15.6965
5079918.LOFI	GS	139.5	140.18	0	0.255617	0.035276	8.0000	361.8223	11.8232
5081990.LOFI	GS	170.0	113.28	-1	0.899963	0.000690	8.0000	868.1572	19.7606
5089294.LOFI	GS	140.0	169.63	-1	0.634615	0.039363	8.0000	590.8406	13.7209
5102537.LOFI	GS	123.0	122.99	0	0.564277	0.002931	8.0000	1165.0308	25.5519
5117279.LOFI	GS	120.0	121.07	0	0.637278	0.001832	8.0000	1109.3381	18.2187
5118757.LOFI	GS	130.0	140.15	-1	0.636323	0.004086	8.0000	398.3937	11.4081
5135326.LOFI	GS	130.0	64.97	2	0.651297	0.000188	8.0000	1821.9041	56.7651
5137153.LOFI	GS	150.0	149.43	0	0.285398	0.114133	8.0000	397.3493	14.9808
5137154.LOFI	GS	70.0	139.97	1	0.602364	0.022588	8.0000	414.2475	15.6992
5137157.LOFI	GS	140.0	76.09	-1	0.248331	0.087788	8.0000	893.2235	21.7605
5137158.LOFI	GS	140.0	70.04	2	0.235720	0.063467	8.0000	332.3368	12.7760
5143186.LOFI	GS	138.0	139.96	0	0.320980	0.029800	8.0000	946.6628	11.5521
5157605.LOFI	GS	132.0	65.9	2	0.677015	0.007088	8.0000	278.0566	10.7778
5160584.LOFI	GS	128.0	127.93	0	0.746106	0.000346	8.0000	745.7567	17.5341
5162042.LOFI	GS	170.0	169.1	0	0.470757	0.040190	8.0000	617.3425	20.1802
5171396.LOFI	GS	174.0	173.99	0	0.370905	0.040234	9.0000	431.5728	14.3720
5195826.LOFI	GS	87.0	173.89	1	0.606490	0.041007	8.0000	400.7977	10.6778
5202182.LOFI	GS	140.0	139.69	0	0.534835	0.042031	8.0000	1080.8068	21.5292
5204781.LOFI	GS	124.0	123.64	0	0.372429	0.001881	8.0000	912.3961	16.4509
5213896.LOFI	GS	175.0	175.08	0	0.381452	0.058453	8.0000	146.8324	9.6808
5214265.LOFI	GS	120.0	119.97	0	0.696394	0.009970	8.0000	390.2156	15.7781
5214755.LOFI	GS	170.0	175.16	0	0.540517	0.005387	8.0000	925.9477	21.0704
5214943.LOFI	GS	74.0	73.96	0	0.505741	0.005874	8.0000	323.1608	11.7316
5237462.LOFI	GS	120.0	119.96	0	0.622095	0.003804	8.0000	667.7789	15.6721
5248391.LOFI	GS	140.0	140.08	0	0.526371	0.032256	8.0000	1128.1810	30.6459
5258365.LOFI	GS	148.0	147.81	0	0.640348	0.019384	8.0000	307.2483	13.8220
5261461.LOFI	GS	174.0	174.98	0	0.339963	0.106613	8.0000	243.7710	12.5411
5268098.LOFI	GS	126.0	125.93	0	0.515880	0.010162	8.0000	361.9272	16.1358
5294335.LOFI	GS	126.0	125.97	0	0.532882	0.002862	8.0000	901.1288	23.2715
5302339.LOFI	GS	165.0	172.94	-1	0.395889	0.022078	8.0000	430.9644	15.6778
5314439.LOFI	GS	148.0	147.53	0	0.429368	0.046415	8.0000	456.3611	14.4612
5315510.LOFI	GS	140.0	140.04	0	0.357755	0.034670	8.0000	272.7206	11.1683
5335389.LOFI	GS	140.0	104.97	-1	0.500076	0.072364	8.0000	1267.2441	18.3467
5345058.LOFI	GS	148.0	147.77	0	0.695686	0.010499	8.0000	301.5328	14.6288
5347155.LOFI	GS	175.0	174.95	0	0.073609	0.000185	8.0000	729.9724	19.6992
5355157.LOFI	GS	83.0	165.98	1	0.616278	0.002453	8.0000	1165.5873	33.4843
5356489.LOFI	GS	140.0	139.07	0	0.415275	0.001078	8.0000	695.6943	22.3504
5363251.LOFI	GS	140.0	140.15	0	0.310182	0.008309	8.0000	389.7532	20.0260
536656.LOFI	GS	173.0	130.0	-1	0.407815	0.040063	8.0000	277.0356	11.6516
5377710.LOFI	GS	127.5	127.83	0	0.512311	0.036074	8.0000	534.9939	13.4566
5406759.LOFI	GS	126.0	126.21	0	0.427563	0.039651	8.0000	1194.6587	12.3101
5431709.LOFI	GS	174.0	174.97	0	0.719528	0.002912	8.0000	679.5282	14.2296
547692.LOFI	GS	170.0	127.82	-1	0.319292	0.088812	8.0000	269.2999	11.1898
587794.LOFI	GS	140.0	140.32	0	0.361093	0.017753	8.0000	465.2199	11.2381
633082.LOFI	GS	126.0	126.01	0	0.770464	0.002718	8.0000	409.6482	13.8499
672063.LOFI	GS	175.0	175.0	0	0.590746	0.027371	8.0000	782.4886	14.0372
672064.LOFI	GS	175.0	175.28	0	0.613565	0.034391	8.0000	1021.5423	13.9103
691688.LOFI	GS	93.0	143.02	-1	0.488919	0.036312	8.0000	210.3253	12.7682
691694.LOFI	GS	90.0	145.08	-1	0.445986	0.028531	8.0000	248.5001	12.0686
710469.LOFI	GS	156.0	155.99	0	0.259534	0.060061	8.0000	202.5420	11.6477
750132.LOFI	GS	132.5	176.88	-1	0.734431	0.003687	8.0000	1004.8395	22.6235
825292.LOFI	GS	140.2	139.98	0	0.253112	0.054174	8.0000	199.6202	15.7547
861484.LOFI	GS	174.0	113.37	-1	0.320757	0.007023	8.0000	611.6186	15.0403
906680.LOFI	GS	169.73	127.26	-1	0.386311	0.014917	8.0000	221.2068	12.5231
906681.LOFI	GS	171.726	172.53	0	0.594533	0.009453	8.0000	594.3386	14.7836
906760.LOFI	GS	141.68	152.16	-1	0.629963	0.002920	8.0000	1650.7865	26.4395
907836.LOFI	GS	175.0	175.06	0	0.559946	0.042267	8.0000	635.0440	13.8771
907837.LOFI	GS	172.0	173.65	0	0.553882	0.037275	8.0000	1336.5773	15.0581
925895.LOFI	GS	140.0	140.24	0	0.635356	0.000570	8.0000	1090.8842	17.2734
942357.LOFI	GS	170.0	174.03	0	0.508282	0.002067	8.0000	1441.7990	22.2199
94350.LOFI	GS	151.0	151.2	0	0.447306	0.016680	8.0000	812.3868	21.4657
956606.LOFI	GS	125.0	127.23	0	0.545826	0.004291	9.0000	1143.2015	18.7189
986931.LOFI	GS	140.0	140.04	0	0.222317	0.057739	8.0000	237.7023	12.4169
989704.LOFI	GS	174.0	174.12	0	0.330147	0.037556	8.0000	678.7448	14.9002
